簡稱,完整地名
七堵,"基隆市 (Keelung city), 七堵 (Chidu)"
七彩湖畔,"南投縣 (Nantou county), 信義鄉 (Hsinyi township), 丹大林道 (Tanta forest trail), 七彩湖畔 (on the edge of the Chitsai Lake)"
七汐農路,"新北市 (New Taipei City), 汐止區 (Hsichi disc.), 七汐農路 (Chihsi access road)"
三峽區,"新北市 (New Taipei city), 三峽區 (Sanhsia District)"
三間屋-大同部落,"花蓮縣 (Hualien county), 秀林鄉 (Hsiulin township), 三間屋-大同部落 (Sanchienwu-Tatung tribe)"
中之關古道,"高雄縣 (Kaohsiung county), 桃源區 (Taoyuan district), 中之關古道 (Chungchikuan ancient trail)"
中坑,"新北市 (New Taipei city), 雙溪區 (Shuanghsi District), 中坑 (Chungkeng)"
中坑街,"桃園市 (Taoyuan city), 龜山區 (Kueishan dist.), 中坑街 (Chungkeng street)"
中平林道,"花蓮縣 (Hualien county), 玉里鎮 (Yuli town), 中平林道 (Chungping logging taril)"
中橫路旁,"花蓮縣 (Hualien county), 秀林鄉 (Hsiulin township), 中橫路旁 (Roadside of central cross highway)"
丹大林道,"南投縣 (Nantou county), 信義鄉 (Hsinyi township), 丹大林道 (Tanta forest trail)"
九棚,"屏東縣 (Pingung county), 滿州鄉 (Manchou township), 九棚 (Choupeng)"
乾燥,"屏東縣 (Pingtung county), 春日鄉 (Chunrih township), 大漢林道 (Tahan forest trail), 近公墓 (near the public graveyard), 乾燥 (dry)"
二格道路,"新北市 (New Taipei city), 石碇區 (Shihting Dist.), 二格道路 (Erge Rd.)"
五十二甲濕地,"宜蘭縣 (Ilan county), 五結鄉 (Wuchieh township), 五十二甲濕地 (Wusiherchia wetland)"
五甲崩山,"南投縣 (Nantou county), 仁愛鄉 (Jenai township), 能高越嶺古道 (Nenggao Cross-ridge Historic trail), 五甲崩山 (Wuchiapengshan)"
五股濕地,"新北市 (New Taipei city), 五股區 (Wugu district), 五股濕地 (Wugu wetland)"
井仔窩公墓,"苗栗縣 (Miaoli county), 苑裡鎮 (Yuanli town), 井仔窩公墓 (Chintzwo public cemetery)"
井步山登山口,"屏東縣 (Pingtung county), 霧台鄉 (Wutai township), 井步山登山口 (entrance of Chinpushan, a mountain)"
交流道旁空地,"台南市 (Tainan city), 新營區 (Hsinying district), 交流道旁空地 (waste land near highway junction)"
人倫林道,"南投縣 (Nantou county),  信義鄉 (Hsinyi township), 人倫林道 (Jenlun logging track)"
仁壽里,"屏東縣 (Pingtung county), 恆春鎮 (Hengchun town), 仁壽里 (Jenshou Village)"
仁愛鄉,"南投縣 (Nantou county), 仁愛鄉 (Jenai township), 710林道 (Logging trail no. 710)"
伊拉,"屏東縣 (Pingtung county), 霧台鄉 (Wutai township), 伊拉 (Ila)"
伊豆半島,"日本 (Japan), 伊豆半島 (Izu peninsula)"
佐藤山,"新竹縣 (Hsinchu county), 五峰鄉 (Wufeng township), 佐藤山 (Mt. Sato)"
佐藤山-佐藤駐在所,"新竹縣 (Hsinchu county), 五峰鄉 (Wufeng township), 佐藤山-佐藤駐在所 (Mt. Sato to Sato police station)"
佐藤駐在所,"新竹縣 (Hsinchu county), 五峰鄉 (Wufeng township), 佐藤駐在所 (Sato police station)"
佳心,"花蓮縣 (Hualien county), 卓溪鄉 (Chuohsi township), 瓦拉米步道 (Walami trail), 佳心 (Chiahsin)"
佳心-瓦拉米,"花蓮縣 (Hualien county), 卓溪鄉 (Chuohsi township), 瓦拉米步道 (Walami trail), 佳心-瓦拉米 (Chiahsin to Walami)"
依麻林道,"台東縣 (Taitung county), 太麻里鄉 (Taimali township), 依麻林道 (Ima logging trail)"
信義鄉,"南投縣 (Nantou county),  信義鄉 (Hsinyi township)"
停車場,"屏東縣 (Pingtung county), 內埔鄉 (Neipu township), 屏東科技大學 (National Pingtung University of Science and Technoogy), 停車場 (parking lot)"
入口對面,"台東縣 (Taitung county), 達仁鄉 (Tajen township), 達仁林場 (Tajen experimental forest area), 入口對面 (across the entrance)"
入口橋旁,"新竹縣 (Hsinchu county), 橫山鄉 (Hengshan township), 馬胎古道 (Matai ancient trail), 入口橋旁 (Beside the entrance of bridge)"
八卦山,"彰化縣 (Changhua county), 芬園鄉 (Fengyuan township), 八卦山 (Pakuashan)"
八嗡嗡,"台東縣 (Taitung county), 成功鎮 (Chengkung town), 八嗡嗡 (Pawonwon)"
八幡神社,"日本 (Japan), 茨城縣 (Ibaraki Prefecture), 勿來町 (Nakoso machi), 八幡神社 (HAchiman Jinja)"
八斗子濱海公園,"基隆市 (Keelung city), 八斗子濱海公園 (Patoutzi coast park)"
八連路3段,"新北市 (New Taipei City), 汐止區 (Hsichi district), 八連路3段 (3 section of Palien rd.)"
八里灣山,"花蓮縣 (hualien county), 豐濱鄉 (Fengpin township), 八里灣山 (Mt. Paliwan)"
公墓旁,"屏東縣 (Pingtung county), 霧台鄉 (Wutai township), 阿禮 (Ali), 公墓旁 (beside a public cemetery)"
公館鼻,"台東縣 (Taitung county), 綠島鄉 (Lutao township), 公館鼻 (Kungkuangpi)"
六口溫泉,"台東縣 (Taitung county), 海端鄉 (Haituan township), 南橫公路 (South cross highway), 六口溫泉 (Liukou hot spring)"
六龜警備道,"高雄市 (Kaohsiung city), 桃源區 (Taoyuan district), 六龜警備道 (Liukuei security road)"
分水嶺,"屏東縣 (Pingtung county), 滿州鄉 (Manchou township), 分水嶺 (Fenshuiling)"
列嶼鄉,"金門縣 (Kinmen county), 列嶼鄉 (Lieyu township)"
利嘉林道,"台東縣 (Taitung county), 卑南鄉 (Peinan township), 利嘉林道 (Lichia logging track)"
力霸產業道路,"宜蘭縣 (Ilan county), 冬山鄉 (Tungshan township), 力霸產業道路 (Lipa industrial road)"
加羅湖叉路口往須古石,"宜蘭縣 (Ilan county), 大同鄉 (Tatung township), 四季林道 (Suchih forest trail), 加羅湖叉路口往須古石 (Chia-lo Lake junction toward Hsü-ku-shih)"
加路蘭海岸,"台東縣 (Taitung county), 台東市 (Taitung city), 加路蘭海岸 (Chialulan coast)"
加里山,"苗栗縣 (Miaoli county), 南庄鄉 (Nanchuang township), 加里山 (Mt. Chiali)"
勝光山-雲稜山莊,"宜蘭縣 (Ilan county), 大同鄉 (Tatung township), 勝光山-雲稜山莊 (Shankuangshan to Yunleng lodge)"
北113線鄉道與桃119線鄉道交岔點附近,"桃園市 (Taoyuan city), 復興區 (Fuhsing district), 北113線鄉道與桃119線鄉道交岔點附近 (near the crossroad of country road Bei113 and Tao119)"
北16鄉道,"新北市 (New Taipei city), 石門區 (Shihmen dist.), 北16鄉道 (Township Road no. 16)"
北坑溪步道,"台中市 (Taichung city), 霧峰區 (Wufeng dist.), 北坑溪步道 (Peikenghsi trail)"
北堤路旁草皮上,"台中市 (Taichung City), 清水區 (Chingshui dist.), 北堤路旁草皮上 (on the grassland of Peitii Rd.)"
北大武山,"屏東縣 (Pintung county), 泰武鄉 (Taiwu township), 北大武山 (Peitawushan)"
北大武山舊登山口,"屏東縣 (Pintung county), 泰武鄉 (Taiwu township), 北大武山舊登山口 (old entrance of Peitawushan)"
北橫榮華,"桃園縣 (Taoyuan county), 復興鄉 (Fuhsing township), 北橫榮華 (Ronghua at North cross highway)"
北農仙人掌,"台北市 (Taipei city), 北投區 (Peitou district), 北農仙人掌 (Peinung cactus, a private succulent garden)"
北關海潮公園,"宜蘭縣 (Ilan county), 頭城鎮 (Touchen town), 北關海潮公園 (Beiguan tidal park)"
十八羅漢山,"高雄市 (Kaohsiung city), 六龜區 (Liukuei dist.), 十八羅漢山 (Shihpalohanshan)"
卑南溪,"台東縣 (Taitung county), 鹿野鄉 (Luye township), 卑南溪 (Peinan brook)"
卑南溪口,"台東縣 (Taitung county), 台東市 (Taitung city), 卑南溪口 (estuary of Peinan brook)"
卓蘭大峽谷,"台中市 (Taichung city), 卓蘭區 (Choulan district), 卓蘭大峽谷 (Choulan Grand Canyon)"
卓蘭第一公墓,"台中市 (Taichung city), 卓蘭區 (Choulan district), 卓蘭第一公墓 (first public cemetery of Choulan)"
南仁湖步道,"屏東縣 (Pingtung county), 滿州鄉 (Manchou township), 南仁湖步道 (Nanjenhu, a lake trail)"
南寮,"台中市 (Taichung city), 沙鹿區 (Shalu district), 南寮 (Nanliao)"
南山-思源,"宜蘭縣 (Ilan county), 大同鄉 (Tatung township), 台7甲線 (highway 7A), 南山-思源 (Nanshan to Suyuan)"
南橫公路,"台東縣 (Taitung county), 海端鄉 (Haituan township), 南橫公路 (South cross highway)"
南橫公路利稻,"台東縣 (Taitung county), 海端鄉 (Haituan township), 南橫公路利稻 (South cross highway, Litao)"
南橫公路霧鹿,"台東縣 (Taitung county), 海端鄉 (Haituan township), 南橫公路霧鹿 (South cross highway, Wulu)"
南湖大山,"台中市 (Taichung city), 和平區 (Hoping Disc.), 南湖大山 (Mt. Nanhutashan)"
南澳神秘沙灘,"宜蘭縣 (Ilan county), 南澳鄉 (Nanao township), 南澳神秘沙灘 (secret beach of Nanao)"
南竿12據點,"連江縣 (Lienchiang county), 南竿鄉 (Nankan Township), 南竿12據點 (stronghold 12 of Nankan)"
南迴公路,"屏東縣 (Pingtung county), 獅子鄉 (Shihtzu township), 南迴公路 (southern cross highway)"
南雅奇岩,"新北市 (New Taipei City), 瑞芳區 (Jueuifang district), 南雅奇岩 (Nanya Wonderful Rock)"
卡雷卡斯,"花蓮縣 (Hualien county), 卓溪鄉 (Chuohsi township), 瓦拉米步道 (Walami trail), 卡雷卡斯 (Karekasu)"
台14甲線 19 k,"南投縣 (Nantou county), 仁愛鄉 (Jenai township), 台14甲線 19 k (at road sigh 19 km of county road 14A)"
台14甲線19 k,"南投縣 (Nantou county), 仁愛鄉 (Jenai township), 台14甲線19 k (19 km of highway no. 14A)"
台14甲線24 km梅峰,"南投縣 (Nantou county), 仁愛鄉 (Jenai township), 台14甲線24 km梅峰 (country road No. 14A 24 km, Meifong)"
台14甲線32 k,"南投縣 (Nantou county), 仁愛鄉 (Jenai township), 台14甲線32 k (32 km of highway no. 14A)"
台14甲線清境,"南投縣 (Nantou county), 仁愛鄉 (Jenai township), 台14甲線清境 (country road No. 14A, Chingching)"
台14甲線近清境,"南投縣 (Nantou county), 仁愛鄉 (Jenai township), 台14甲線近清境 (country road No. 14A, near Chingching)"
台14甲線過合歡西北峰登山口後產業道路,"花蓮縣 (Hualien county), 秀林鄉 (Hsiulin township), 台14甲線過合歡西北峰登山口後產業道路 (highway no. 14A, an intustrail track over entrance of north and west peak of Mt. Hohuan)"
台14線人止關路旁,"南投縣 (Nantou county), 仁愛鄉 (Jenai township), 台14線人止關路旁 (country road No. 14, Jenjikuan, road side)"
台18線,"嘉義縣 (Chiayi County), 番路鄉 (Fanglu township), 台18線 (No. 18 highway)"
台18線69.5 km,"嘉義縣 (Chiayi County), 番路鄉 (Fanglu township), 台18線69.5 km (at road sign 69.5 km of No. 18 highway)"
台8線,"花蓮縣 (Hualien county), 秀林鄉 (Hsiulin township), 台8線 (Highway No.8)"
台8線108km,"南投縣 (Nantou county), 仁愛鄉 (Jenai township), 台8線108km (highway no. 8, 108 km)"
台9線,"新北市 (New Taipei city), 坪林區 (Pinglin district), 台9線 (Highway no.9)"
台9線114 km,"宜蘭縣 (Ilan county), 蘇澳鎮 (Suao town), 台9線114 km (at road sign 114 km of highway no. 9)"
台9線近掃叭石柱,"花蓮縣 (Hualien county), 瑞穗鄉 (Juisuei township), 台9線近掃叭石柱 (highway no.9 near Satokoay)"
台七線路旁,"宜蘭縣 (Ilan county), 員山鄉 (Yuanshan township), 台七線路旁 (roadside of highway no. 7)"
台九線中央分隔島,"花蓮縣 (Hualien county), 秀林鄉 (Hsiulin township), 台九線中央分隔島 (medium island of highway no. 9)"
台南大學,"台南市 (Tainan city), 中西區 (West Central district), 台南大學 (National Tainan University)"
台灣油杉自然保護區,"台東縣 (Taitung county), 達仁鄉 (Tajen township), 台灣油杉自然保護區 (Nature conservation area of Keteleeria davidiana var. formosana)"
司馬庫斯,"新竹縣 (Hsinchu county), 尖石鄉 (Jianshih township), 司馬庫斯 (Smagus)"
司馬庫斯聯絡道路,"新竹縣 (Hsinchu county), 尖石鄉 (Jianshih township), 司馬庫斯聯絡道路 (road to Smagus)"
合歡溪步道,"南投縣 (Nantou county), 仁愛鄉 (Jenai township), 合歡溪步道 (Hohuanchi, a brook, trail)"
合歡溪步道入口,"南投縣 (Nantou county), 仁愛鄉 (Jenai township), 合歡溪步道入口 (entrance of Hohuanchi, a brook, trail)"
合興車站,"新竹縣 (Hsinchu county), 橫山鄉 (Hengshan township), 合興車站 (Hehsing train station)"
吊橋旁,"高雄市 (Kaohsiung city), 桃源區 (Taoyuan district), 梅山巷 (Meishan lane), 吊橋旁 (near suspension bridge)"
向天池,"台北市 (Taipei city), 陽明山國家公園 (Yangmingshan national park), 向天池 (Hsiangtienchi, a pond)"
和仁,"花蓮縣 (Hualien county), 秀林鄉 (Hsiulin township), 和仁 (Hojen)"
和仁車站附近,"花蓮縣 (Hualien county), 秀林鄉 (Hsiulin township), 和仁車站附近 (near Hejen station)"
和平,"花蓮縣 (Hualien county), 秀林鄉 (Hsiulin township), 和平 (Hoping)"
和平區,"台中市 (Taichung city), 和平區 (Hoping district), 710林道入口 (entrance of 710 logging trail)"
和平島,"基隆市 (Keelung city), 和平島 (Hoping Island)"
和平林道,"花蓮縣 (Hualien county), 秀林鄉 (Hsiulin township), 和平林道 (Heping forest trail)"
和平溪口,"花蓮縣 (Hualien county), 秀林鄉 (Hsiulin township), 和平溪口 (Ho-p’ing River Estuary)"
咖啡廳前,"花蓮縣 (Hualien county), 秀林鄉 (Hsiulin township), 中部橫貫公路 (Central cross highway), 碧綠神木 (Pilu Divine Tree), 咖啡廳前 (in front of coffee shop)"
品田山,"台中市 (Taichung city), 和平區 (Hoping district), 品田山 (Mt. Pintienshan)"
員山鄉,"宜蘭縣 (Ilan County), 員山鄉 (Yuanshan township)"
嘉明湖,"台東縣 (Taitung county), 海端鄉 (Haituan township), 嘉明湖 (Chiaminghu, a lake)"
四堵戰備道,"宜蘭縣 (Ilan county), 頭城鎮 (Touchen town), 四堵戰備道 (Ssu-tu Military Preparedness Road)"
四季林道,"宜蘭縣 (Ilan county), 大同鄉 (Tatung township), 四季林道 (Suchih forest trail)"
圍牆邊,"宜蘭縣 (Ilan county), 頭城鎮 (Touchen town), 鶯子嶺 (Yingtsuling), 圍牆邊 (beside the fence)"
土地公線登山步道,"南投縣 (Nantou county), 魚池鄉 (Yuchih township), 水社大山 (Shuishetashan, a mountain), 土地公線登山步道 (Tutikonghsien hiking trail)"
地質館旁,"桃園市 (Taoyuan city), 復興區 (Fuhsing district), 巴陵古道 (Paling ancient trail), 地質館旁 (beside Geological Exhibition Hall) "
坑子內,"屏東縣 (Pingting county), 恆春鎮 (Hengchun town), 坑子內 (Kengtsinei)"
城北里,"苗栗縣 (Miaoli county), 通霄鎮 (Tonghsiao town), 城北里 (Chenpei Neighborhood)"
塔塔加,"南投縣 (Nantou county),  信義鄉 (Hsinyi township), 塔塔加 (Tataka)"
塔曼山,"桃園市 (Taoyuan city), 復興區 (Fuhsing district), 塔曼山 (Mt. Taman)"
塔關山,"高雄市 (Kaohsiung city), 桃源區 (Taoyuan district), 塔關山 (Mt. Takuanshan)"
墾丁公園,"屏東縣 (Pingtung county), 恆春鎮 (Hengchun town), 墾丁公園 (Kenting park)"
壽卡林道,"屏東縣 (Pingtung county), 獅子鄉 (Shihtzu township), 壽卡林道 (Shouka logging trail)"
多土袞,"花蓮縣 (Hualien county), 卓溪鄉 (Chuohsi township), 瓦拉米步道 (Walami trail), 多土袞 (Duotukun)"
大凍山步道,"嘉義縣 (Chiayi County), 竹崎鄉 (Chuchi Township), 大凍山步道 (Tatungshan Trail)"
大古山,"桃園市 (Taoyuan city), 蘆竹區 (Luchu district), 大古山 (Takushan, a hill)"
大同山頂,"新北市 (New Taipei city), 樹林區 (Shulin district), 大同山頂 (summit of Mt. Tatung)"
大同鄉,"宜蘭縣 (Ilan county), 大同鄉 (Tatung township), 710林道 (710 logging track)"
大園區,"桃園市 (Taoyuan city), 大園區 (Tayuan dist.)"
大坑五號步道,"台中市 (Taichung city), 北屯區 (Peitung district), 大坑五號步道 (Takeng, trail no.5)"
大埔,"桃園市 (Taoyuan city), 大園區 (Tayuan dist.), 大埔 (Tapu)"
大富橋下產業道路,"花蓮縣 (Hualien county), 光復鎮 (Kuangfu town), 大富橋下產業道路 (industrail road under Dafu bridge)"
大屯主峰,"台北市 (Taipei city), 陽明山國家公園 (Yangmingshan national park), 大屯主峰 (Tatun main peak)"
大崎頭步道,"台北市 (Taipei city), 士林區 (Shilin dist.), 大崎頭步道 (Tachitou trail)"
大武崙停車場,"基隆市 (Keelung city), 安樂區 (Anle district), 大武崙停車場 (parking lot of Tawulun fort)"
大武崙慈惠宮,"基隆市 (Keelung city), 安樂區 (Anle district), 大武崙慈惠宮 (Tawulun Tsuhuikung, a temple)"
大武崙砲台,"基隆市 (Keelung city), 安樂區 (Anle district), 大武崙砲台 (Tawulun forte)"
大武第一公墓,"台東縣 (Taitung county), 大武鄉 (Tawu township), 大武第一公墓 (First cemetary of Tawu township)"
大混山,"新竹縣 (Hsinchu county), 尖石鄉 (Jianshih township), 大混山 (Tahunshan)"
大溪產業道路,"宜蘭縣 (Ilan county), 頭城鎮 (Touchen town), 大溪產業道路 (Tashih industrial road)"
大漢林道,"屏東縣 (Pingtung county), 春日鄉 (Chunjih township), 大漢林道 (Tahan logging track)"
大漢林道近22k,"屏東縣 (Pingtung county), 春日鄉 (Chunjih township), 大漢林道近22k (near 22 km road sign ofTahan logging trail)"
大潭電廠後方,"桃園市 (Taoyuan city), 觀音區 (Kuanyin district), 大潭電廠後方 (behind the Datan power plant)"
大濁水溪出海口附近,"花蓮縣 (Hualien county), 秀林鄉 (Hsiulin township), 大濁水溪出海口附近 (near the estuary of Tachoshui stream)"
大白山,"宜蘭縣 (Ilan county), 冬山鄉 (Tungshan township), 大白山 (Mt. Tapai)"
大社區第六公墓,"高雄市 (Kaohsiung city), 大社區 (Tashe district), 大社區第六公墓 (No.6 Cemetery of Tashe district)"
大禮-大同,"花蓮縣 (Hualien county), 秀林鄉 (Hsiulin township), 砂卡噹林道 (Shakadang logging track), 大禮-大同 (from Tali to Tatung)"
大禹嶺隧道,"南投縣 (Nantou county), 仁愛鄉 (Jenai township), 大禹嶺隧道 (Tayuling tunnel)"
大聖宮,"花蓮縣 (hualien county), 豐濱鄉 (Fengpin township), 大聖宮 (Tashen temple)"
大貢占山,"高雄市 (Kaohsiung city), 美濃區 (Meinong district), 大貢占山 (Mt. Takungchanshan)"
大農大富平地森林園區,"花蓮縣 (Hualine county), 光復鎮 (Kuangfu town), 大農大富平地森林園區 (Masadi forest park)"
大雪山,大雪山
大雪山200林道,"台中市 (Taichung city), 和平區 (Hoping district), 大雪山200林道 (logging trail no. 200 of Tahsuehshan)"
大霸尖山,"苗栗縣 (Miaoli county), 泰安鄉 (Taian township), 大霸尖山 (Tapachienshan)"
天池,"台東縣 (Taitung county), 蘭嶼鄉 (Lanyu township), 天池 (Tienchih, a pond)"
天池-檜林,"南投縣 (Nantou county), 仁愛鄉 (Jenai township), 能高越嶺古道 (Nenggao Cross-ridge Historic trail), 天池-檜林 (Tienchih-Kuailin)"
天長,"花蓮縣 (Hualien county), 秀林鄉 (Hsiulin township), 天長 (Tienchang)"
天龍-利稻,"台東縣 (Taitung county), 海端鄉 (Haituang township), 南橫公路 (South cross highway), 天龍-利稻 (Tienlong-Litao)"
天龍步道上方入口,"台東縣 (Taitung county), 海端鄉 (Haituan township), 南橫公路 (South cross highway), 天龍步道上方入口 (upper entrance of Tianlong trail)"
太平山,"宜蘭縣 (Ilan county), 大同鄉 (Tatung township), 太平山 (Taipingshan)"
太平山頂,"香港 (Hongkong), 太平山頂 (summit of Mt. Taiping)"
太湖九曲橋對面,"金門縣 (Kinmen county), 金湖鄉 (Chinhu township), 太湖 (Taihu, a lake), 太湖九曲橋對面 (across the Taihuchiouchushiao, a bridge)"
夫婦山,"桃園市 (Taoyuan city), 復興區 (Fuhsing district), 夫婦山 (Mt. Fufu)"
夫婦山登山口,"桃園市 (Taoyuan city), 復興區 (Fuhsing district), 夫婦山登山口 (entrance of Mt. Fufu)"
婆羅山,"宜蘭縣 (Ilan county), 大同鄉 (Tatung township), 婆羅山 (Mt. Poluo)"
宇老,"新竹縣 (Hsinchu county), 尖石鄉 (Jianshih township), 宇老 (Yulao)"
安億路近光洲路轉角,"臺南市 (Tainan city), 安平區 (Anping district), 安億路近光洲路轉角 (the corner of Anyi rd. near Kuangchou rd.)"
安全島上,"宜蘭縣 (Ilan County), 員山鄉 (Yuanshan township), 大鬮路 (Tachou Rd.), 安全島上 (on the safety island)"
安東軍山到萬大北溪,"南投縣 (Nantou county), 仁愛鄉 (Jenai township), 能高安東軍步道 (hiking trail of Nenkao-Antungchun), 安東軍山到萬大北溪 (Mt. Antungchun to Wanta N. Brook)"
安西里,"台南市 (Tainan city), 佳里區 (Chiali district), 安西里 (Anhsi village)"
安農溪分洪堰公園,"宜蘭縣 (Ilan county), 三星鄉 (Sanhsing township), 安農溪分洪堰公園 (Annong River Flood Diversion Weir park)"
安通越嶺古道,"花蓮縣 (Hualien county), 玉里鎮 (Yuli town), 安通越嶺古道 (Antung ancient trail)"
富貴角,"新北市 (New Taipei cit), 石門區 (Shihmen Dist.), 富貴角 (Fukueichiao)"
富貴角燈塔步道,"新北市 (New Taipei city), 石門區 (Shihmen district), 富貴角燈塔步道 (Trail to Fukueichiao light house)"
寶林路,"新北市 (New Taipei city), 林口區 (Linko district), 寶林路 (Paolin road)"
小天池,"台東縣 (Taitung county), 蘭嶼鄉 (Lanyu township), 小天池 (Hsiaotienchih, a lake)"
小清水,"花蓮縣 (Hualien county), 秀林鄉 (Hsiulin township), 小清水 (Hsiaochingshui)"
小關山林道,"高雄市 (Kaohsiung city), 桃源區 (Taoyuan district), 小關山林道 (Hsiaokuanshan logging track)"
小風口,"南投縣 (Nantou county), 仁愛鄉 (Jenai township), 台14甲線 (highway no. 14A), 小風口 (Hsiaofengkou)"
小鬼湖林道,"屏東縣 (Pingtung county), 霧台鄉 (Wutai township), 小鬼湖林道 (Hsiaokueihu forest trail)"
尖山,"桃園市 (Taoyuan city), 復興區 (Fuhsing district), 尖山 (Mt. Chien, a mountain)"
尖石鄉,"新竹縣 (Hsinchu county), 尖石鄉 (Jianshih township), 100 林道 (forest track no. 100)"
尾寮山,"屏東縣 (Pingtung county), 三地門鄉 (Santimen township), 尾寮山 (Weiliaoshan, a mountain)"
屯原-天池,"南投縣 (Nantou county), 仁愛鄉 (Jenai township), 能高越嶺古道 (Nenggao Cross-ridge Historic trail), 屯原-天池 (Tunyuan to Tenchih)"
山豬窟暖暖亭,"台東縣 (Taitung county), 大武鄉 (Tawu township), 山豬窟暖暖亭 (Shanchuku, Nuannuanting, a pavilion)"
山風,"花蓮縣 (Hualien county), 卓溪鄉 (Chuohsi township), 瓦拉米步道 (Walami trail), 山風 (Shanfeng)"
山風吊橋前,"花蓮縣 (Hualien county), 卓溪鄉 (Chuohsi township), 瓦拉米步道 (Walami trail), 山風吊橋前 (before Shanfong bridge)"
島根縣,"日本 (Japan), 島根縣 (Simane Prefecture)"
嵐山鐵道,"花蓮縣 (Hualien county), 秀林鄉 (Hsiulin township), 嵐山鐵道 (Lanshan railway)"
嵩山社區,"新北市 (New Taipei city), 石門區 (Shihmen dist.), 嵩山社區 (Sungshan community)"
工業路,"台中市 (Taichung city), 龍井區 (Lunjing district), 工業路 (Kongyeh Rd.)"
巴拉卡公路近大屯自然公園,"台北市 (Taipei city), 巴拉卡公路近大屯自然公園 (Balaka highway near Tatun Natural Park)"
巴福越嶺古道,"桃園縣 (Taoyuan county), 復興鄉 (Fuhsing township), 巴福越嶺古道 (Pafu ancient trail)"
巴陵古道,"桃園市 (Taoyuan city), 復興區 (Fuhsing district), 巴陵古道 (Paling ancient trail)"
府安路六段與生態街轉角,"臺南市 (Tainan city), 安南區 (Annan district), 府安路六段與生態街轉角 (corner of Fuan rd. and Shentai rd.)"
庫哈諾辛山,"高雄市 (Kaohsiung city), 桃源區 (Taoyuan district), 庫哈諾辛山 (Mt. Kuhanuohsin)"
往北大武山路旁,"屏東縣 (Pingtung county), 泰武鄉 (Taiwu township), 往北大武山路旁 (Roadside of the way to Mt. Peitawushan)"
往原荖腦山,"花蓮縣 (Hualien county), 壽豐鄉 (Shoufeng township), 往原荖腦山 (road to Yuanlaonaoshan)"
往德文路旁,"屏東縣 (Pingtung county), 霧台鄉 (Wutai township), 往德文路旁 (to Dewen, roadside)"
後壁湖,"屏東縣 (Pingtung county), 恆春鎮 (Hengchun town), 後壁湖 (Houbihu)"
後壁湖往貓鼻頭,"屏東縣 (Pingtung county), 恆春鎮 (Hengchun town), 後壁湖往貓鼻頭 (Houbihu to Maobitou)"
後壁湖漁港,"屏東縣 (Pingtung county), 恆春鎮 (Hengchun town), 後壁湖漁港 (Houpihu harbor)"
得卡倫步道,"花蓮縣 (Hualien county), 秀林鄉 (Hsiulin township), 得卡倫步道 (Tekalun trail)"
德基段,"台中市 (Taichung city), 和平區 (Hoping Disc.), 台八線 (Highway no.8), 德基段 (Techih section)"
德文路旁,"屏東縣 (Pingtung county), 霧台鄉 (Wutai township), 德文路旁 (Dewen, roadside)"
思源埡口,"宜蘭縣 (Ilan county), 大同鄉 (Tatung township), 思源埡口 (Suyuanwukou)"
恆春鎮,"屏東縣 (Pingtung county), 恆春鎮 (Hengchun town)"
情人湖,"基隆市 (Keelung city), 情人湖 (Chingjenhu, a lake)"
惠蓀林場,"南投縣 (Nantou county), 仁愛鄉 (Jenai township), 惠蓀林場 (Huisun experimantal foreat area)"
慈峰產業道路,"南投縣 (Nantou county), 仁愛鄉 (Jenai township), 慈峰產業道路 (Tsufong industrial road)"
慈恩,"花蓮縣 (Hualien county), 秀林鄉 (Hsiulin township), 中部橫貫公路 (Central cross highway), 慈恩 (Tsuen)"
戒茂斯山登山口,"台東縣 (Taitung county), 海端鄉 (Haituan township), 南部橫貫公路 (South cross highway), 戒茂斯山登山口 (entrance of Mt. Chiehmausushan)"
戒茂斯山登山口至戒茂斯山,"台東縣 (Taitung county), 海端鄉 (Haituan township), 戒茂斯山登山口至戒茂斯山 (entrance of Mt. Chiehmausushan to Mt. Chiehmausushan)"
戒茂斯山至新武呂溪,"台東縣 (Taitung county), 海端鄉 (Haituan township), 戒茂斯山至新武呂溪 (Mt. Chiehmausushan to Hsinwulu brook)"
拉拉山,"桃園縣 (Taoyuan county), 復興鄉 (Fuhsing township), 拉拉山 (Lalashan)"
拉索埃湧泉,"花蓮縣 (Hualien county), 光復鄉 (Kuangfu township), 拉索埃湧泉 (Lasoai spring)"
指南路三段,"台北市 (Taipei coty), 文山區 (Wenshan district), 指南路三段 (3rd. sect. of Chinan rd.)"
接近四季,"宜蘭縣 (Ilan county), 大同鄉 (Tatung township), 台7甲線 (highway 7A), 接近四季 (near Sichi)"
摩天,"台東縣 (Taitung county), 海端鄉 (Haituang township), 南橫公路 (South cross highway), 摩天 (Motein)"
政大校園,"台北市 (Taipei city), 文山區 (Wenshan district), 政大校園 (campus of NCCU)"
新化社區,"台東縣 (Taitung county), 達仁鄉 (Tajen township), 新化社區 (Hshinhua community)"
新山,"新北市 (New Taipei City), 汐止區 (Hsichi disc.), 新山 (Mt. Shinshan)"
新川里,"苗栗縣 (Miaoli county), 苗栗市 (Miaoli City), 新川里 (Hsinchuan Village)"
日月潭,"南投縣 (Nantou county), 魚池鄉 (Yuchih township), 日月潭 (Sun Moon Lake)"
日本,日本 (Japan)
旭海草原,"屏東縣 (Pingung county), 滿州鄉 (Manchou township), 旭海草原 (Hsuhai grassland)"
月眉人工濕地,"桃園市 (Taoyuan city), 大溪區 (Tahsi district), 月眉人工濕地 (Yuehmei artificial wetland)"
木架山草原,"台南市 (Tainan district), 新化區 (Hsinhua district), 木架山草原 (Muchiashan grassland)"
木瓜溪溪床,"花蓮縣 (Hualien county), 壽豐鄉 (Shoufeng townaship), 木瓜溪溪床 (stream bed of Mukwa stream)"
杉林溪,"南投縣 (Nantou county), 竹山鎮 (Chushan town), 杉林溪 (Sun-link-sea vacation resorts)"
杉林里,"高雄市 (Kaohsiung City), 杉林區 (Shanlin Dist.), 杉林里 (Shanlin Village)"
東卯山,"台中市 (Taichung city), 和平區 (Hoping district), 東卯山 (Tungmaoshan, a mountain)"
東岳湧泉,"宜蘭縣 (Ilan county), 南澳鄉 (Nanao township), 東岳湧泉 (Tungyueh cold spring)"
東店,"金門縣 (Kinmen county), 東店 (Tungtien)"
東引鄉,"連江縣 (Lienchiang county), 東引鄉 (Tungin township)"
東沙島,"高雄市 (Kaohsiung city), 旗津區 (Chijin district), 東沙島 (Tungsha island)"
東眼山,"桃園市 (Taoyuan city), 復興區 (Fuhsing district), 東眼山 (Tungyenshan)"
東穗山步道,"新竹縣 (Hsinchu county), 尖石鄉 (Jianshih township), 東穗山步道 (trail to Mt. Tungsui)"
東莒島,"連江縣 (Lienchiang county), 莒光鄉 (Chikuan township), 東莒島 (Tungchi)"
松瀧岩,"南投縣 (Nantou county), 竹山鎮 (Chushan town), 杉林溪 (Sun-link-sea vacation resorts), 松瀧岩 (Sunglungyen)"
柑園二橋下河濱公園,"新北市 (NewTaipei city), 土城區 (Tucheng dist.), 柑園二橋下河濱公園 (riverside park under  Kanyuan 2nd. bridge)"
柳營區,"臺南市 (Tainan city), 柳營區 (Liuying district), 165縣道 (county road no. 165)"
柴口,"台東縣 (Taitung county), 綠島鄉 (Lutao township), 柴口 (Chaiko)"
栗松溫泉,"台東縣 (Taitung county), 海端鄉 (Haituan township), 栗松溫泉 (Lisong hot spring)"
核一廠旁橋下,"新北市 (New Taipei city), 石門區 (Shihmen dist.), 核一廠旁橋下 (un the bridge next to Chin Shan Nuclear Power Plant)"
桂山路,"新北市 (New Taipei city), 新店區 (Shintein district), 桂山路 (Gueishan Rd.)"
桃山,"台中市 (Taichung city), 和平區 (Hoping district), 桃山 (Mt. Taoshan)"
梅園,"花蓮縣 (Hualien county), 秀林鄉 (Hsiulin township), 梅園 (Meiyuan)"
梅山口,"高雄市 (Kaohsiung city), 桃源區 (Taoyuan district), 梅山口 (Meishankou)"
梅山巷,"高雄市 (Kaohsiung city), 桃源區 (Taoyuan district), 梅山巷 (Meishan lane)"
梅山巷明隧道前,"高雄市 (Kaohsiung city), 桃源區 (Taoyuan district), 梅山巷明隧道前 (in front of rock-shed of Meishan lane)"
梅峰,"南投縣 (Nantou county), 仁愛鄉 (Jenai township), 台14甲線 (highway no. 14A), 梅峰 (Meifeng)"
梨山-德基,"台中市 (Taichung city), 和平區 (Hoping Disc.), 台八線 (Highway no.8), 梨山-德基 (Lishan to Techih)"
梨山-武陵,"台中市 (Taichung city), 和平區 (Hoping Disc.), 梨山-武陵 (Lishan to Wulin)"
梨山-武陵農場,"台中市 (Taichung city), 和平區 (Hoping Disc.), 梨山-武陵農場 (Lisha  to Wuling Farm)"
梯田中,"新北市 (New Taipei city), 石門區 (Shihmen district), 老梅 (Laomei), 梯田中 (in the terraces)"
椰油國小旁,"台東縣 (Taitung county), 蘭嶼鄉 (Lanyu township), 椰油國小旁 (near Yeyou elementary school)"
檜林-天長,"南投縣 (Nantou county), 仁愛鄉 (Jenai township), 能高越嶺古道 (Nenggao Cross-ridge Historic trail), 檜林-天長 (Kuailin to Tienchang)"
檜谷,"屏東縣 (Pintung county), 泰武鄉 (Taiwu township), 北大武山 (Peitawushan), 檜谷 (Kuaiku)"
檳榔園旁,"花蓮縣 (Hualien county), 光復鄉 (Kuangfu township), 達莫溪附近產業道路 (industrial track near Tamo Brook), 檳榔園旁 (beside orchard of Pinanga)"
檳榔路,"屏東縣 (Pingtung county), 恆春鎮 (Hengchun town), 檳榔路 (Pinglang Rd.)"
欖仁溪步道,"屏東縣 (Pingtung county), 滿州鄉 (Manchou township), 欖仁溪步道 (Lanjen brook trail)"
步道入口,"台中市 (Taichung city), 和平區 (Hoping district), 東卯山 (Tungmaoshan, a mountain), 步道入口 (entrance of the trail)"
武嶺,"南投縣 (Nantou county), 仁愛鄉 (Jenai township), 武嶺 (Wuling)"
武陵路,"台中市 (Taichung city), 和平區 (Hoping Disc.), 武陵路 (Wuling Rd.)"
武陵農場,"台中市 (Taichung city), 和平區 (Hoping Disc.), 武陵農場 (Wuling farm)"
毒龍潭,"新竹縣 (Hsinchu county), 尖石鄉 (Jianshih township), 毒龍潭 (Tulongtang, a pond)"
氣象站,"台東縣 (Taitung county), 蘭嶼鄉 (Lanyu township), 氣象站 (Weather station)"
氣象站路上,"台東縣 (Taitung county), 蘭嶼鄉 (Lanyu township), 氣象站路上 (road to weather station)"
水漾森林," 嘉義縣 (Chiayi county), 阿里山鄉 (Alishan township), 水漾森林 (Shueiyangsenlin, a lake)"
水牛坑,"新北市 (New Taipei city), 林口區 (Linko district), 水牛坑 (Sheiniowkeng)"
水田林道,"新竹縣 (Hsinchu county), 尖石鄉 (Jianshih township), 水田林道 (Shuitien logging trail)"
水管路,"南投縣 (Nantou county), 仁愛鄉 (Jenai township), 瑞岩 (Jueiyen), 水管路 (water pipe trail)"
水頭路,"南投縣 (Nantou county), 埔里鎮 (Puli county), 水頭路 (Shuitou rd.)"
永興農場,"台東縣 (Taitung county), 蘭嶼鄉 (Lanyu township), 永興農場 (Yunghsing farm)"
永靖,"屏東縣 (Pingtung county), 滿州鄉 (Manchou township), 永靖 (yongching)"
汐止區,"新北市 (New Taipei City), 汐止區 (Shihjih district),"
汐萬路,"新北市 (New Taipei cit), 汐止區 (Hsichi dist.), 汐萬路 (Shiwan rd.)"
江口山,"花蓮縣 (Hualien county), 秀林鄉 (Hsiulin township), 江口山 (Mt. Chiangkoushan)"
池上鄉,"台東縣 (Taitung county), 池上鄉 (Chihshan township)"
沙卡噹,沙卡噹
沙崙農場,"台南市 (Tainan city), 歸仁區 (Kueijen district), 沙崙農場 (Shalun farm)"
沙蓮溪,"台中市 (Taichung city), 和平區 (Hoping Disc.), 沙蓮溪 (Shalienhsi, a brook)"
沙鹿金母宮,"台中市 (Taichung city), 西屯區 (Hsitun district), 沙鹿金母宮 (Shaluchinmu temple)"
海口南路路旁,"台中市 (Taichung City), 清水區 (Chingshui dist.), 海口南路路旁 (roadside of Haikonan Rd.)"
浸水營,"屏東縣 (Pingtung county), 春日鄉 (Chunjih township), 浸水營 (Shinshuiying)"
浸水營古道,"屏東縣 (Pingtung county), 春日鄉 (Chunjih township), 浸水營古道 (Shinshuiying ancient trail), 0.5 km"
浸水營古道 0.5 km,"屏東縣 (Pingtung county), 春日鄉 (Chunrih township), 浸水營古道 0.5 km (0.5 km of Chingshuiying ancient trail)"
浸水營古道 0.6 km,"屏東縣 (Pingtung county), 春日鄉 (Chunrih township), 浸水營古道 0.6 km (0.6 km of Chingshuiying ancient trail)"
涼州街與重慶北路交叉路口,"台北市 (Taipei City), 大同區 (Tatung District), 涼州街與重慶北路交叉路口 (junction of Liangchou st. and Chongching N. Rd.)"
清境,"南投縣 (Nantou county), 仁愛鄉 (Jenai township), 清境 (Chingjing)"
清水山,"花蓮縣 (Hualien county), 秀林鄉 (Hsiulin township), 清水山 (Mt. Chingshui)"
清水山近山頂處,"花蓮縣 (Hualien county), 秀林鄉 (Hsiulin township), 清水山近山頂處 (Mt. Chingshui, near summit)"
清水斷崖,"花蓮縣 (Hualien county), 秀林鄉 (Hsiulin township), 清水斷崖 (Chingshui Cliffs)"
湖畔,"新北市 (New Taipei City), 汐止區 (Hsichi disc.), 新山夢湖 (Shinshanmenghu, a lake), 湖畔 (lake shore)"
溪州街,"台北市 (Taipei city), 文山區 (Wenshan district), 溪州街 (Hsichou street)"
溪谷,"花蓮縣 (Hualien county), 秀林鄉 (Hsiulin township), 綠水文山步道 (trail from Lushui to Wenshan), 溪谷 (in a dry brook)"
滴水明隧道附近,"台東縣 (Taitung county), 海端鄉 (Haituang township), 南橫公路 (South cross highway), 滴水明隧道附近 (near Dishui open cut tunnel)"
滿州鄉,"屏東縣 (Pingtung county), 滿州鄉 (Manchou township), 169縣道 (county road no. 169)"
漁船碼頭沙灘,"新北市 (New Taipei city), 八里區 (Pali Dist.), 漁船碼頭沙灘 (Fishing Boat Wharf Beach)"
澀水社區,"南投縣 (Nantou county), 魚池鄉 (Yuchih township), 澀水社區 (Seshui community), a trail"
烏石鼻,"宜蘭縣 (Ilan county), 東澳鄉 (Tungao township), 烏石鼻 (Wushihpi)"
烘爐地山,"宜蘭縣 (Ilan County), 礁溪鄉 (Chiaohsi township), 烘爐地山 (Honglutishan)"
烘爐地山-桶後北溪源頭,"宜蘭縣 (Ilan County), 礁溪鄉 (Chiaohsi township), 烘爐地山-桶後北溪源頭 (Honglutishan to the head of Tunghou North brook)"
燈塔附近,"台東縣 (Taitung county), 蘭嶼鄉 (Lanyu township), 燈塔附近 (near lighthouse)"
燈明坑,"新北市 (New Taipei city), 貢寮區 (Kongliao district), 燈明坑 (Tengmingkeng)"
牡丹園溫室外路旁,"南投縣 (Nantou county), 竹山鎮 (Chushan town), 杉林溪 (Sun-link-sea vacation resorts), 牡丹園溫室外路旁 (on the roadside of Paeonia garden)"
牡丹池山,"屏東縣 (Pingtung county), 牡丹鄉 (Mudan township), 牡丹池山 (Mudanchishan)"
牡丹社事件紀念公園,"屏東縣 (Pingtung county), 牡丹鄉 (Mudan township), 牡丹社事件紀念公園 (Mudan village incident memorial park)"
牡丹鄉,"屏東縣 (Pingtung county), 牡丹鄉 (Mudan township)"
特富野古道自忠段,"嘉義縣 (Chiayi County), 阿里山鄉 (Alishan township), 特富野古道自忠段 (Tefuyeh ancient trail, Tsuchung section)"
特生中心高海拔試驗站,"南投縣 (Nantou county), 仁愛鄉 (Jenai township), 台14甲線 (highway no. 14A), 特生中心高海拔試驗站 (high altitude experimental station of TESRI)"
獅子鄉,"屏東縣 (Pingtung county), 獅子鄉 (Shihtzu township), 199縣道 (County road No. 199)"
獅子頭山,"新北市 (New Taipei city), 新店區 (Hsintien Dist.), 獅子頭山 (Mt. Shihtzitou)"
玉山,"南投縣 (Nantou county), 信義鄉 (Hsinyi township), 玉山 (Mt. Jade)"
王厝,"桃園市 (Taoyuan city), 觀音區 (Kuanyin district), 王厝 (Wangtsuo)"
瑞井古井,"台中市 (Taichung city), 大肚區 (Tatu district), 瑞井古井 (Reiching ancient well)"
瑞穗林道,"花蓮縣 (Hualien county), 瑞穗鄉 (Juisuei township), 瑞穗林道 (Juisuei logging track)"
瑪佳道路至真笠山,"屏東縣 (Pingtung county), 瑪家鄉 (Machia township), 瑪佳道路至真笠山 (Machia road to Chenlishan)"
環堤大道外,"新北市 (New Taipei City), 蘆洲區 (Lucho district), 環堤大道外 (Out side of Huanti Blvd.)"
環河北路河堤外,"宜蘭縣 (Ilan county), 宜蘭市 (Ilan city), 環河北路河堤外 (Huanhe N. Rd., out of river bank)"
環河路,"新北市 (New Taipei city), 新莊區 (Hsingchuang District), 環河路 (Huanhe rd.)"
瓦拉米-多土袞,"花蓮縣 (Hualien county), 卓溪鄉 (Chuohsi township), 瓦拉米步道 (Walami trail), 瓦拉米-多土袞 (Walami to Tuotukun)"
瓦拉米步道,"花蓮縣 (Hualien county), 卓溪鄉 (Chuohsi township), 瓦拉米步道 (Walami trail),"
甜水鴛鴦湖,"台北市 (Taipei city), 內湖區 (Neihu dist.), 甜水鴛鴦湖 (Tienshuiyuananghu, an artificial lake)"
田埔,"金門縣 (Kinmen county), 金湖鄉 (Chinghu township), 田埔 (Tienpu)"
田村台駐在所,"新竹縣 (Hsinchu county), 五峰鄉 (Wufeng township), 霞喀羅古道 (Syakaro ancient trail), 田村台駐在所 (Tamuradai police station)"
畢祿山,"南投縣 (Nantou county), 仁愛鄉 (Jenai township), 畢祿山"
疏洪生態公園,"新北市 (New Taipei cit), 五股區 (Wugu Dist.), 疏洪生態公園 (Shuhong ecological park)"
登山口,"屏東縣 (Pintung county), 泰武鄉 (Taiwu township), 北大武山 (Peitawushan), 登山口 (Entrance)"
登山口-七卡山莊,"台中市 (Taichung city), 和平區 (Hoping Disc.), 雪山 (Hsuehshan), 登山口-七卡山莊 (entrance to Chika lodge)"
登山口-山頂,"花蓮縣 (Hualien county), 秀林鄉 (Hsiulin township), 清水大山 (Chingshuitashan), 登山口-山頂 (entrance to summit)"
白姑大山,"南投縣 (Nantou county), 仁愛鄉 (Jenai township), 白姑大山 (Mt. Paikutashan)"
白沙灣,"新北市 (New Taipei city), 石門區 (Shihmen dist.), 白沙灣 (Paishawan)"
白河區,"台南市 (Tainan city), 白河區 (Paihe disc.)"
白美山頭,"苗栗縣 (Miaoli county), 通霄鎮 (Tunghsiao town), 白美山頭 (Paimeishantou)"
白色恐怖紀念園區,"台東縣 (Taitung county), 綠島鄉 (Lutao township), 白色恐怖紀念園區 (White Terror Memorial Park)"
白鮑溪產業道路,"花蓮縣 (Hualien county), 壽豐鄉 (Shoufeng township), 白鮑溪產業道路 (Paipaohsi industrail trail)"
眉原,"南投縣 (Nantou county), 國姓鄉 (Kuohsin township), 眉原 (Meiyuan)"
真笠山,"屏東縣 (Pingtung county), 來義鄉 (Laiyi township), 真笠山 (Jenlishan)"
知本溼地,"台東縣 (Taitung county), 卑南鄉 (Peinan township), 知本溼地 (Chihpen wetland)"
石可見山,"屏東縣 (Pingtung county), 春日鄉 (Chunjih township), 石可見山 (Shihkechienshan, a mountain)"
石夢谷,"嘉義縣 (Chiayi county), 阿里山鄉 (Alishan township), 石夢谷 (Shihmengku)"
石山引水道,"南投縣 (Nantou county),  信義鄉 (Hsinyi township), 石山引水道 (Shihshan water trail)"
石山路旁,"南投縣 (Nantou county),  信義鄉 (Hsinyi township), 石山路旁 (Shihshan roadside)"
石門區,"新北市 (New Taipei city), 石門區 (Shihmen dist.), "
石門古戰場,"屏東縣 (Pingtung county), 牡丹鄉 (Mudan township), 石門古戰場 (Shihmen ancient battlefield)"
砂卡噹林道,"花蓮縣 (Hualien county), 秀林鄉 (Hsiulin township), 砂卡噹林道 (Shakadang logging track)"
研海林道,"花蓮縣 (Hualien county), 秀林鄉 (Hsiulin township), 研海林道 (Yenhai logging trail)"
神仙谷,"苗栗縣 (Miaoli county), 南庄鄉 (Nanchuang township), 神仙谷 (Shenshien valley)"
神代山三叉路-神代神社,"宜蘭縣 (Ilan county), 大同鄉 (Tatung township), 神代山三叉路-神代神社 (Shen-tai Mountain Junction – Shen-tai Shrine)"
神秘湖,"宜蘭縣 (Ilan county), 南澳鄉 (Nanao township), 神秘湖 (Shenmihu, a lake)"
福和河濱公園,"台北市 (Taipei city), 文山區 (Wenshan district), 福和河濱公園 (Fuhe riverside park)"
福壽山農場,"台中市 (Taichung city), 和平區 (Hoping Disc.), 福壽山農場 (Fushoushan farm)"
立鷹山,"南投縣 (Nantou county), 仁愛鄉 (Jenai township), 立鷹山 (Liyingshan)"
竹60鄉道,"新竹縣 (Hsinchu county), 尖石鄉 (Jianshih township), 竹60鄉道 (county road no. 60)"
竹中車站,"新竹縣 (Hsinchu county), 竹東鎮 (Jutung town), 竹中車站 (Chuchung train station)"
第一公墓,"苗栗縣 (Miaoli county), 卓蘭鎮 (Chuolan town), 第一公墓 (the first cemetary)"
第五公墓,"苗栗縣 (Miaoli county), 銅鑼鄉 (Tonlou toenship), 第五公墓 (the 5th cemetary)"
筆架山,"新北市 (New Taipei City), 石碇區 (Shihting district), 筆架山 (Mt. Pichia)"
紅石林道,"台東縣 (Taitung county), 關山鎮 (Kuanshan town), 紅石林道 (Hungshih logging trail)"
紅頭山,"台東縣 (Taitung county), 蘭嶼鄉 (Lanyu township), 紅頭山 (Hongtoushan, a mountain)"
紅頭溪,"台東縣 (Taitung county), 蘭嶼鄉 (Lanyu township), 紅頭溪 (Hontou brook)"
統埔村,"屏東縣 (Pingtung county), 車城鄉 (Checheng township), 統埔村 (Tungpu village)"
綠島燈塔,"台東縣 (Taitung county), 綠島鄉 (Lutao township), 綠島燈塔 (Lutao lighthouse)"
綠島鄉,"台東縣 (Taitung county), 綠島鄉 (Lutao township)"
綠水合流步道,"花蓮縣 (Hualien county), 秀林鄉 (Hsiulin township), 綠水合流步道 (En route from Lushui to Heliu)"
綠水文山步道,"花蓮縣 (Hualien county), 秀林鄉 (Hsiulin township), 綠水文山步道 (trail from Lushui to Wenshan)"
線浸林道,"南投縣 (Nantou county), 鹿谷鄉 (Luku township), 線浸林道 (Hsienchin logging trail)"
美瓏山,"高雄市 (Kaohsiung city), 桃源區 (Taoyuan district), 美瓏山 (Mailungshan)"
翠峰湖停車場,"宜蘭縣 (Ilan county), 大同鄉 (Tatung township), 太平山 (Taipingshan), 翠峰湖停車場 (parking lot of Tsuifenghu, a lake)"
翠峰至鳶峰,"南投縣 (Nantou county), 仁愛鄉 (Jenai township), 台14甲線 (highway no. 14A), 翠峰至鳶峰 (from Tsuifeng to Yuanfeng)"
翠池,"台中市 (Taichung city), 和平區 (Hoping Disc.), 雪山 (Hsuehshan), 翠池 (Tseuichi, a pond)"
老七佳部落聯絡道上,"屏東縣 (Pingtung county), 春日鄉 (Chunjih township), 老七佳部落聯絡道上 (on the trail to Old-Chicha tribe)"
老莊路,"桃園市 (Taoyuan city), 楊梅區 (Yangmei District), 老莊路 (Laochuang Rd.)"
聖母山莊步道,"宜蘭縣 (Ilan County), 礁溪鄉 (Chiaohsi township), 聖母山莊步道 (Shenmushanchuang trail)"
能高越嶺古道,"南投縣 (Nantou county), 仁愛鄉 (Jenai township), 能高越嶺古道 (Nenggao Cross-ridge Historic trail)"
臥龍國家級自然保護區,"中國大陸 (China), 四川省 (Sichuan province), 阿壩藏族羌族自治州 (Aba Tibetan and Qiang Autonomous Prefecture), 臥龍國家級自然保護區 (Wolong National Nature Reserve)"
臨海路鐵軌旁,"台中市 (Taichung City), 清水區 (Chingshui dist.), 臨海路鐵軌旁 (beside the railway of Linhai Rd.)"
自強產業道路,"基隆市 (Keelung city), 自強產業道路 (Chichang Industrial Road)"
芹壁步道,"連江縣 (Lienchiang county), 北竿鄉 (Peikan Township), 芹壁步道 (Chinpi trail)"
苑裡第七公墓,"苗栗縣 (Miaoli county), 苑裏鎮 (Yuanli Town), 苑裡第七公墓 (Yüan-li Seventh Public Cemetery)"
苗32縣道,"苗栗縣 (Miaoli county), 後龍鎮 (Holung town), 苗32縣道 (county road no.32)"
草地上,"花蓮縣 (Hualien county), 壽豐鄉 (Shoufeng townaship), 國立東華大學校園 (National Dong Hwa University), 草地上 (on the grassland)"
草埤,"宜蘭縣 (Ilan county), 員山鄉 (Yuanshan township), 草埤 (Tsaopi, a lake)"
草山,"基隆市 (Keelung city), 草山 (Tsaoshan)"
草山戰備道,"新北市 (New Taipei City), 瑞芳區 (Jueifang district), 草山戰備道 (Tsaoshan track)"
菜厝古道,"金門縣 (Kinmen county), 金沙鎮 (Chinsha town), 菜厝古道 (Tsaitsuo ancient trail)"
菜園旁,"新竹縣 (Hsinchu county), 竹東鎮 (Jutung town), 菜園旁 (beside vegetable garden)"
萬大北溪,"南投縣 (Nantou county), 仁愛鄉 (Jenai township), 能高安東軍步道 (hiking trail of Nenkao-Antungchun), 萬大北溪 (Wanta N. Brook)"
萬里區,"新北市 (New Taipei city), 萬里區 (Wanli Dist.)"
萬金,"屏東縣 (Pingting county), 萬巒鄉 (Wanluan township), 萬金 (Wanchin)"
著加拉 (Chuchiala)-加津林溪,"台東縣 (Taitung county), 達仁鄉 (Tajen township), 著加拉 (Chuchiala)-加津林溪 (Chachinlinhsi, a brook)"
蓄水池,"金門縣 (Kinmen county), 金沙鎮 (Chinsha town), 西園鹽場 (Shiyuan salina), 蓄水池 (reservoir)"
蔡厝古道,"金門縣 (Kinmen county), 金湖鄉 (Chinghu township), 蔡厝古道 (Tsaitsuo ancient trail)"
藤枝林道,"高雄市 (Kaohsiung city), 桃源區 (Taoyuan district), 藤枝林道 (Tenchih forest trail)"
藤枝森林遊樂區,"高雄市 (Kaohsiung city), 桃源區 (Taoyuan district), 藤枝森林遊樂區 (Tenchih forest recreation area)"
蘭嶼鄉,"台東縣 (Taitung county), 蘭嶼鄉 (Lanyu township)"
蘭潭,"嘉義縣 (Chiayi county), 嘉義市 (Chiayi city), 蘭潭 (Lantan, a reservoir)"
蘭花橋,"台中市 (Taichung city), 和平區 (Hoping Disc.), 蘭花橋 (Lanhua Bridge)"
虎子山街,"新北市 (New Taipei city), 貢寮區 (Kongliao district), 福隆 (Fulung), 虎子山街 (Hutsushan street)"
蝙蝠洞公園,"新北市 (New Taipei City), 瑞芳區 (Jueifang district), 蝙蝠洞公園 (bat cave park)"
裕成路,"桃園市 (Taoyuan city), 楊梅區 (Yangmei District), 裕成路 (Yucheng Rd.)"
西寮,"台南市 (Tainan city), 將軍區 (Chiangchun district), 西寮 (Hsliao)"
西湖第一公墓,"苗栗縣 (Miaoli county), 西湖鄉 (Hsihu township), 西湖第一公墓 (the first cemetary)"
西瓜田中,"宜蘭縣 (Ilan county), 壯圍鄉 (Chuangwei township), 貓里霧罕橋 (Manliwuhan bridge), 西瓜田中 (in the watermelon garden)"
西螺大橋下,"彰化縣 (Changhua county), 溪州鄉 (Hsichou township), 西螺大橋下 (under Hsiluo bridge)"
見晴,"宜蘭縣 (Ilan county), 大同鄉 (Tatung township), 太平山 (Taipingshan), 見晴 (Chienching)"
觀音瀑布,"南投縣 (Nantou County), 埔里鎮 (Puli town), 觀音瀑布 (Guangin waterfall)"
谷關,"台中市 (Taichung city), 和平區 (Hoping disc.), 谷關 (Kukuang)"
豬槽潭路,"新北市 (New Taipei city), 石門區 (Shihmen district), 老梅 (Laomei), 豬槽潭路 (Chutsaotan rd)"
豬高灣茶園產業道路,"南投縣 (Nantou county), 鹿谷鄉 (Luku township), 豬高灣茶園產業道路 (industrial road to Chugaowan tea garden)"
貓公溪南側產業道路,"花蓮縣 (hualien county), 豐濱鄉 (Fengpin township), 貓公溪南側產業道路 (Industrial Road on the South Side of Maogong Creek)"
貴妃山,"新竹縣 (Hsinchu county), 尖石鄉 (Jianshih township), 貴妃山 (Mt. Kueifei)"
跑者之家旁,"台東縣 (Taitung county), 長濱鄉 (Changpin township), 跑者之家旁 (beside Runners’ House)"
路旁,"南投縣 (Nantou county), 信義鄉 (Hsinyi township), 排雲山莊 (Paiyun lodge), 路旁 (roadside)"
路旁向陽山坡,"南投縣 (Nantou county), 仁愛鄉 (Jenai township), 瑞岩 (Jueiyen), 路旁向陽山坡 (sunny slope at roadside)"
路旁向陽處,"南投縣 (Nantou county), 仁愛鄉 (Jenai township), 清境 (Chingjing), 路旁向陽處 (sunny roadside)"
車站附近空地,"宜蘭縣 (Ilan county), 羅東鎮 (Luotung town), 車站附近空地 (waste land near train station)"
近台14甲線81 km,"南投縣 (Nantou county), 仁愛鄉 (Jenai township), 近台14甲線81 km (near road sign 81 km of country road No. 14)"
近嘉平營地,"宜蘭縣 (Ilan county), 大同鄉 (Tatung township), 近嘉平營地 (Near Chia-p’ing Campground)"
近山頂稜線處,"新北市 (New Taipei City), 汐止區 (Hsichi disc.), 新山 (Mt. Shinshan), 近山頂稜線處 (Near peak)"
近松泉岡,"台中市 (Taichung city), 和平區 (Hoping district), 中橫公路 (Central Cross Highway), 近松泉岡 (near Sungchuankang)"
近清境,"南投縣 (Nantou county), 仁愛鄉 (Jenai township), 台14甲線 (highway no. 14A), 近清境 (near Chingching farm)"
近王田山,"台中市 (Taichung city), 南屯區 (Nantun district), 近王田山 (near Mt. Wangtien)"
近苗32縣道與西濱公路交岔口,"苗栗縣 (Miaoli county), 後龍鎮 (Holung town), 近苗32縣道與西濱公路交岔口 (near the crossroad of county no. 32 and Western Coast Expressway)"
近萊爾富瑞濱店,"新北市 (New Taipei City), 瑞芳區 (Jueuifang district), 近萊爾富瑞濱店 (near Hilife Juibin store)"
通霄鎮,"苗栗縣 (Miaoli county), 通霄鎮 (Tonghsiao town)"
達仁林場,"台東縣 (Taitung county), 達仁鄉 (Tajen township), 達仁林場 (Tajen experimental forest area)"
達仁溪橋,"台東縣 (Taitung county), 達仁鄉 (Tajen township), 達仁溪橋 (Tajen brook bridge)"
遮陰處,"南投縣 (Nantou county), 仁愛鄉 (Jenai township), 梅峰 (Meifeng), 路旁 (roadside), 遮陰處 (Shaded)"
邊坡,"高雄縣 (Kaohsiung county), 桃源區 (Taoyuan district), 台20線 (highway no. 20), 邊坡 (slope)"
那結山,"桃園市 (Taoyuan city), 復興區 (Fuhsing district), 那結山 (Mt. Najieshan)"
郡大山,"南投縣 (Nantou county), 信義鄉 (Hsinyi township), 郡大山 (Mt. Junta)"
都蘭山,"台東縣 (Taitung county), 東河鄉 (Tungho township), 都蘭山 (Tulanshan)"
鄧生河,"中國大陸 (China), 四川省 (Sichuan province), 阿壩藏族羌族自治州 (Aba Tibetan and Qiang Autonomous Prefecture), 臥龍國家級自然保護區 (Wolong National Nature Reserve), 鄧生河 (Tengshen river)"
野柳港山登山口,"新北市 (New Taipei cit), 萬里區 (Wanli Dist.), 野柳港山登山口 (entrance of Mt. Yehliukanshan)"
野銀附近,"台東縣 (Taitung county), 蘭嶼鄉 (Lanyu township), 野銀附近 (near Yehyin)"
金城鎮,"金門縣 (Kinmen county), 金城鎮 (Chingcheng Town)"
金門大學,"金門縣 (Kinmen county), 金寧鄉 (Kinning township), 金門大學 (Kinmen university)"
金門植物園,"金門縣 (Kinmen county), 金湖鎮 (Chinghu Town), 金門植物園 (Kinmen botanical garden)"
金馬隧道,"花蓮縣 (Hualien county), 秀林鄉 (Hsiulin township), 金馬隧道 (Chinma tunnel)"
金龍產業道路,"台北市 (Taipei city), 內湖區 (Neihu dist.), 金龍產業道路 (Chinlong industrial road)"
銅安山,"台東縣 (Taitung county), 池上鄉 (Chihshan township), 銅安山 (Tunganshan)"
銅鑼鄉,"苗栗縣 (Miaoli county), 銅鑼鄉 (Tonlou toenship), 128縣道 (county road No. 128)"
錐麓古道,"花蓮縣 (Hualien county), 秀林鄉 (Hsiulin township), 錐麓古道 (Chui-Lu ancient trail)"
錦湖國小,"台南市 (Tainan city), 北門區 (Beimen district), 錦湖國小 (Jinhu Elementary School)"
鐘萼木生態公園,"基隆市 (Keelung city), 自強產業道路 (Chichang Industrial Road), 鐘萼木生態公園 (Bretchneidera ecological park)"
開高巷,"南投縣 (Nantou county), 仁愛鄉 (Jenai township), 開高巷 (Kaikao lane)"
關廟區,"台南市 (Tainan city), 關廟區 (Kuanmiao District)"
阿玉林道,"宜蘭縣 (Ilan county), 員山鄉 (Yuanshan township), 阿玉林道 (Ayu logging track)"
阿玉林道入口,"宜蘭縣 (Ilan county), 員山鄉 (Yuanshan township), 阿玉林道入口 (entrance of Ayu logging track)"
阿里山妹潭,"嘉義縣 (Chiayi County), 阿里山鄉 (Alishan township), 阿里山妹潭 (Sister pond of Alishan recreation area)"
陵后宮,"台中市 (Taichung city), 和平區 (Hoping district), 陵后宮 (Linghoukong, a temple)"
集集大山,"南投縣 (Nantou county), 集集鎮 (Chichi town), 集集大山 (Chichitashan)"
雙泰產業道路,"新北市 (New Taipei city), 雙溪區 (Shuanghsi District), 雙泰產業道路 (Shuangtai industrial track)"
雙流國家森林遊樂區,"屏東縣 (Pingtung county), 獅子鄉 (SHihtzu township), 雙流國家森林遊樂區 (Shuangliu National Forest Recreation Area)"
雙溪母樹園,"高雄市 (Kaohsiung city), 美濃區 (Meinong district), 雙溪母樹園"
雙獅岩,"台東縣 (Taitung county), 蘭嶼鄉 (Lanyu township), 雙獅岩 (Shuanshihyen, a rock)"
雙龍林道-巒安堂,"南投縣 (Nantou county),  信義鄉 (Hsinyi township), 雙龍林道-巒安堂 (Shuanglung lonnging trail to Luanantan)"
雞油窩,"苗栗縣 (Miaoli county), 通霄鎮 (Tonghsiao town), 雞油窩 (Chiyuwo)"
雪山,"台中市 (Taichung city), 和平區 (Hoping Disc.), 雪山 (Hsuehshan)"
雪山6 km,"台中市 (Taichung city), 和平區 (Hoping disc.), 雪山6 km (6 km of Hsuehshan trail) "
雪山6.9 km,"台中市 (Taichung city), 和平區 (Hoping disc.), 雪山6.9 km (6.9 km of Hsuehshan trail) "
雪山坑,"台中市 (Taichung city), 和平區 (Hoping Disc.), 雪山坑 (Hsuehshankeng)"
雪山登山口-七卡山莊,"台中市 (Taichung city), 和平區 (Hoping district), 雪山登山口-七卡山莊 (from enrance of Mt. Hsueh to Chika lodge)"
雪見遊憩區,"苗栗縣 (Miaoli county), 泰安鄉 (Taian township), 雪見遊憩區 (Syuejian recreation area)"
雲5鄉道,"雲林縣 (Yunlin county), 麥寮鄉 (Mailiao township), 雲5鄉道 (county road no.5)"
雲之道步道,"嘉義縣 (Chiayi County), 竹崎鄉 (Chuchi Township), 雲之道步道 (Yunchitao Trail)"
雲台山,"連江縣 (Lienchiang county), 南竿鄉 (Nankan Township), 雲台山 (Mt. Yuntai)"
霞喀羅古道,"新竹縣 (Hsinchu county), 五峰鄉 (Wufeng township), 霞喀羅古道 (Syakaro ancient trail)"
霞喀羅大山-佐藤山,"新竹縣 (Hsinchu county), 五峰鄉 (Wufeng township), 霞喀羅大山-佐藤山 (Mt. Syakarotashan to Mt. Sato)"
霧台-阿禮,"屏東縣 (Pingtung county), 霧台鄉 (Wutai township), 霧台-阿禮 (Wutai to Ali)"
青城山,"中國大陸 (China), 四川省 (Sichuan province), 成都市 (Chengdu city), 都江堰市 (Tuchangyen city), 青城山 (Chingchengshan, a mountain)"
青山瀑布,"新北市 (New Taipei city), 石門區 (Shihmen district), 青山瀑布 (Chingshan fall)"
青岐,"金門縣 (Kinmen county), 列嶼鄉 (Lieyu township), 青岐 (Chingchi)"
青青草原,"台東縣 (Taitung county), 蘭嶼鄉 (Lanyu township), 青青草原 (Chingchingtsaoyuan, a meadow)"
靜浦,"花蓮縣 (Hualien county), 豐濱鄉 (Fengpin township), 靜浦 (Chingpu)"
韓國,韓國 (Korea)
頂洲,"台南市 (Tainan city), 學甲區 (Hsuehchia district), 頂洲 (Tingchou)"
風吹沙,"屏東縣 (Pingting county), 恆春鎮 (Hengchun town), 風吹沙 (Fengcheuisha, a sand shore)"
馬沙溝,"台南市 (Tainan city), 將軍區 (Chiangchun district), 馬沙溝 (Mashakou)"
馬胎古道,"新竹縣 (Hsinchu county), 橫山鄉 (Hengshan township), 馬胎古道 (Matai ancient trail)"
馬鰣橋,"台中市 (Taichung city), 和平區 (Hoping district), 馬鰣橋 (Mashi bridge)"
高坡,"桃園市 (Taoyuan city), 復興區 (Fuhsing district), 高坡 (Gaopo)"
高士,"屏東縣 (Pingtung county), 牡丹鄉 (Mutan township), 高士 (Kaoshi)"
高士佛山,"屏東縣 (Pingtung county), 牡丹鄉 (Mutan township), 高士佛山 (Mt. Kaoshifo)"
高峰山,"南投縣 (Nantou county), 仁愛鄉 (Jenai township), 高峰山 (Mt. Kaofeng)"
高美溼地,"台中市 (Taichung City), 清水區 (Chingshui dist.), 高美溼地 (Kaomei Wetland)"
魯壁步道,"新竹縣 (Hsinchu county), 尖石鄉 (Jianshih township), 魯壁步道 (Lupi trail)"
鯉魚山,"花蓮縣 (Hualien county), 壽豐鄉 (Shoufeng township), 鯉魚山 (Mt. Liyushan)"
鳶嘴山,"台中市 (Taichung city), 和平區 (Hoping district), 鳶嘴山 (Mt. Yuantsui)"
鳶峰,"南投縣 (Nantou county), 仁愛鄉 (Jenai township), 鳶峰 (Yuanfeng)"
鴛鴦湖自然保留區,"新竹縣 (Hsinchu county), 尖石鄉 (Jianshih township), 鴛鴦湖自然保留區 (Yuanyanghu nature reserve)"
鶯子嶺,"宜蘭縣 (Ilan county), 頭城鎮 (Touchen town), 鶯子嶺 (Yingtsuling)"
鶯子頂碑旁,"宜蘭縣 (Ilan county), 頭城鎮 (Touchen town), 鶯子頂碑旁 (Beside Ying-tzu-ting Stele)"
鷹石尖,"宜蘭縣 (Ilan county), 頭城鎮 (Touchen town), 鷹石尖 (Yingshihchien)"
鹿寮中央路,"雲林縣 (Yunlin County), 元長鄉 (Yuanchang Township), 鹿南村 (Lunan Village), 鹿寮中央路 (Luliao central Rd.)"
鹿寮溪,"台東縣 (Taitung county), 鹿野鄉 (Luye township), 鹿寮溪 (Luliao brook)"
麥寮鄉,"雲林縣 (Yunlin county), 麥寮鄉 (Mailiao township)"
麻豆區,"台南市 (Tainan city), 麻豆區 (Matou district)"
黃海路,"金門縣 (Kinmen county), 金湖鎮 (Chinghu Town), 黃海路 (Huanghai Rd.)"
黑森林,"台中市 (Taichung city), 和平區 (Hoping Disc.), 雪山 (Hsuehshan), 黑森林 (Black forest)"
鼻頭角,"新北市 (New Taipei City), 金山區 (Jinshan district), 鼻頭角 (Pitouchiao)"
龍泉路,"新北市 (New Taipei city), 土城區 (Tucheng Dist.), 龍泉路 (Lung Chuan Rd.)"
龍洞,龍洞
龍洞灣岬步道,"新北市 (New Taipei city), 貢寮區 (Kungliao Dist.), 龍洞灣岬步道 (Lung-tung Bay Cape Trail)"
龍磐,"屏東縣 (Pingtung county), 恆春鎮 (Hengchun town), 龍磐 (Longpan)"
龜山島,"宜蘭縣 (Ilan county), 頭城鎮 (Toucheng town), 龜山島 (Kueishantao)"
中興,"新竹市 (Hsinchu City), 東區 (East Dist.), 中興 (Chung-Hsing)"
