Scientific Name,Common Name,Family
Abelia chinensis,糯米條,Caprifoliaceae
Abelia chinensis var. ionandra (Hayata) Masam.,台灣糯米條,Caprifoliaceae
Abelia chowii G.Hoo,福建六道木,忍冬科 (Caprifoliaceae)
Abrodictyum obscurum (Blume) Ebihara & K.Iwats.,線片長筒蕨,Hymenophyllaceae
Abutilon alba,白莔麻,Malvaceae
Abutilon hulseanum (Torr. & A. Gray) Torr. ex A. Gray,疏花莔麻,Malvaceae
Acacia confusa Merr.,相思樹,Fabaceae
Acalypha matudai Hayata,恆春鐵莧,Euphorbiaceae
Acanthus ebracteatus var. xiamenensis,廈門老鼠簕,Acanthaceae
Acer caudatifolium Hayata,川上氏楓,Aceraceae
Acer caudatum,長尾楓,Aceraceae
Acer oliverianum subsp. formosanum (Koidz.) A.E.Murray,台灣掌葉楓,Aceraceae
Acer palmatum var. pubescens H.L.Li,台灣掌葉槭,Aceraceae
Aconitum fukutomei Hayata,臺灣烏頭,毛茛科 (Ranunculaceae)
Acorus gramineus Sol. ex Aiton,石菖蒲,Acoraceae
Actinidia auguta,軟棗彌猴桃,Actinidiaceae
Actinidia callosa Lindl.,硬齒獼猴桃,Actinidiaceae
Actinidia discolor var. callosa,異色獼猴桃,Actinidiaceae
Actinidia setosa (H.L. Li) C.F. Liang & A.R. Ferguson,台灣羊桃,Actinidiaceae
Actinostemma tenerum Griff.,合子草,Cucurbitaceae
Acystopteris taiwaniana (Tagawa) Á.Löve & D.Löve,台灣亮毛蕨,Cystopteridaceae
Acystopteris tenuisecta (Blume) Tagawa,禾稈亮毛蕨,Cystopteridaceae
Adenophora,,Campanulaceae
Adenophora triphylla (Thunb.) A. DC.,輪葉沙蔘,桔梗科 (Campanulaceae)
Adenostemma lavenia,下田菊,Compositae
Adiantum formosanum Tagawa,月牙鐵線蕨,Adiantaceae
Adiantum malesianum J.Ghatak,馬來鐵線蕨,Adiantaceae
Adiantum melasianum,馬來鐵線蕨,Adiantaceae
Adiantum philippense L.,半月形鐵線蕨,Adiantaceae
Adiantum taiwanianum,臺灣高山鐵線蕨,Pteridaceae
Adiantum × meishanianum F.S.Hsu ex Yea C.Liu & W.L.Chiou,梅山口鐵線蕨,Adiantaceae
Adinandra sp.,,Pentaphylacaceae
Aeschynomene indica,合萌,Leguminosae
Ainsliaea,,Asteraceae
Ainsliaea frangrans,香鬼督郵,Compositae
Ainsliaea kawakamii,川上氏鬼督郵,Compositae
Ainsliaea latifolia subsp. henryi,臺灣鬼督郵,菊科 (Compositae)
Ainsliaea latifolia var. taiwanensis,台灣寬葉鬼督郵,Compositae
Ainsliaea macroclinidioides Hayata,阿里山鬼督郵,Compositae
Ainsliaea sp.,,Compositae
Ajuga sp.,,Labiatae
Alangium chinense (Lour.) Harms,華八角楓,Alangiaceae
Albizia kalkora (Roxb.) Prain,山合歡,Fabaceae
Albizia procera (Roxb.) Benth.,黃豆樹,Fabaceae
Aletris,台灣粉條兒菜,Melanthiaceae
Aletris formosana,臺灣粉條兒菜,Nartheciaceae
Aletris formosana (Hayata) Makino & Nemoto,台灣粉條兒菜,Nartheciaceae
Aletris glandulifera,腺毛粉條兒菜,Nartheciaceae
Aletris spicata,束心蘭,Nartheciaceae
Aletris spicata (Thunb.) Franch.,束心蘭,Liliaceae
Aleuritopteris argentea (S.G.Gmel.) Fée,長柄粉背蕨,Pteridaceae
Aleuritopteris henryi (Christ) Fay W.Li,亨氏擬旱蕨,Pteridaceae
Aleuritopteris krameri (Franch. & Sav.) Ching,粉背蕨,Pteridaceae
Allium macrostemon,山蒜,Amaryllidaceae
Alniphyllum pterospermum Matsum.,假赤楊,Styracaceae
Alnus,,Betulaceae
Alnus formosana (Burkill) Makino,台灣赤楊,Betulaceae
Alpinia pricei Hayata,普萊氏月桃,Zingiberaceae
Alpinia uraiensis Hayata,烏來月桃,Zingiberaceae
Alpinia × ilanensis S.C.Liu & J.C.Wang,宜蘭月桃,Zingiberaceae
Alsophila fenicis (Copel.) C.Chr.,蘭嶼筆筒樹,Cyatheaceae
Alternanthera bettzikiana,毛蓮子草,Amaranthaceae
Alternenthera sp.,,Amaranthaceae
Alysicarpus ovalifolius,圓葉煉莢豆,Leguminosae
Alyxia monticola C.B. Rob.,蘭嶼念珠藤,Apocynaceae
Amaranthus sp.,,Amaranthaceae
Ampelopsis delavayana Planch. ex Franch.,三裂葉蛇葡萄,葡萄科 (Vitaceae)
Ampelopsis japonica (Thunb.) Makino,白斂,Vitaceae
Amphicarpaea bracteata subsp. edgeworthii var. japonica (Oliv.) H.Ohashi,野毛扁豆,Fabaceae
Anagallis arvensis L.,海綠,Primulaceae
Anaphalis,能高藾蕭,Compositae
Anaphalis morrisonensis,玉山抱莖籟蕭,Compositae
Anaphalis nagasawae,永澤籟蕭,Compositae
Anaphalis nagasawae var. nagasawae,永澤籟蕭,Compositae
Anaphalis nagasawae var. niitakayamensis,玉山籟簫,Compositae
Androsace umbellata,地錢草,Primulaceae
Angelica sp.,,Umbelliferae
Angiopteris evecta (G.Forst.) Hoffm.,蘭嶼觀音座蓮,Marattiaceae
Anneslea fragrans var. lanceolata Hayata,細葉茶梨,Pentaphylacaceae
Anneslea lanceolata,細葉茶梨,Compositae
Anodendron affine (Hook. & Arn.) Druce,小錦蘭,Apocynaceae
Anodendron benthamianum Hemsl.,大錦蘭,Apocynaceae
Anogramma leptophylla (L.) Link,翠蕨,鳳尾蕨科 (Pteridaceae)
Anthriscus caucalis,卡可麗峨參,Umbelliferae
Antirrhinum orontium L.,小金魚草,Scorphulariaceae
Antrophyum obovatum Baker,倒卵葉車前蕨,Pteridaceae
Apluda mutica L.,水蔗草,Poaceae
Arabis alpina var. formosana Masam. ex S.F.Huang,臺灣筷子芥,Brassicaceae
Arabis serata,齒葉筷子芥,Brassicaceae
Arachniodes globisora (Hayata) Ching,臺灣複葉耳蕨,Dryopteridaceae
Arachniodes rhomboides var. yakusimensis,屋久複葉耳蕨,Dryopteridaceae
Arachnoidea rhomboides var. rhomboides,斜方複葉耳蕨,Dryopteridaceae
Archidendron lucidum,頜垂豆,Fabaceae
Ardisia brevicaulis Diels,短莖紫金牛,Primulaceae
Ardisia cornudentata Mez,雨傘仔,Myrsinaceae
Ardisia crenata Sims,鐵雨傘,Myrsinaceae
Ardisia violacea (T. Suzuki) W.Z. Fang & K. Yao,裡菫紫金牛,Primulaceae
Arenaria takasagomontana (Masam.) S.S. Ying,高山無心菜,Caryophyllaceae
Aria alnifolia (Siebold & Zucc.) Decne.,赤楊葉梨,Rosaceae
Arisaema formosanum,臺灣天南星,Araceae
Arisaema grapsospadix Hayata,毛筆天南星,Araceae
Arisaema ilanense,宜蘭天南星,Acoraceae
Arisaema ilanense J.C.Wang,宜蘭天南星,Araceae
Arisaema sp.,,Araceae
Artemisia,,Compositae
Artemisia ,小艾,Compositae
Artemisia capillaris Thunb.,茵陳蒿,Compositae
Artemisia indica Willd.,艾,菊科 (Compositae)
Artemisia japonica Thunb.,牡蒿,Compositae
Artemisia lancea Vaniot,小艾,Compositae
Artemisia morrisonensis Hayata,細葉山艾,Compositae
Artemisia niitakayamensis,玉山艾,Compositae
Artemisia somai Hayata,相馬氏艾,菊科 (Compositae)
Artemisia somai var. batakensis (Hayata) Kitam.,太魯閣艾,Compositae
Artemisia somai var. somai Hayata,台灣狹葉艾,Compositae
Artemisia sp.,,Compositae
Arthromeris lehmannii (Mett.) Ching,肢節蕨,Polypodiaceae
Arundinella setosa Trin.,刺芒野古草,Poaceae
Asarum epigynum Hayata,上花細辛,Aristolochiaceae
Asarum hypogynum Hayata,下花細辛,Aristolochiaceae
Asarum sp.,,Aristolochiaceae
Asparagus,天門冬,Asparagaceae
Asparagus cochinchinensis,天門冬,Asparagaceae
Asparagus cochinchinensis (Lour.) Merr.,天門冬,百合科 (Liliaceae s. l.)
Asparagus filicinus,羊齒天門冬,Asparagaceae
Asphodelus tenuifolius,,Xanthohorreaceae
Aspidistra,,Asparagaceae
Aspidistra attenuata Hayata,薄葉蜘蛛抱蛋,Asparagaceae
Aspidistra daibuensis,大武蜘蛛抱蛋,Asparagaceae
Aspidistra daibuensis Hayata,大武蜘蛛抱蛋,Asparagaceae
Aspidistra mushaensis,霧社蜘蛛抱蛋,Asparagaceae
Aspidistra sp.,,Asparagaceae
Asplenium capillipes,姬鐵角蕨,Aspleniaceae
Asplenium capillipes Makino,姬鐵角蕨,鐵角蕨科 (Aspleniaceae)
Asplenium excisum,剪葉鐵角蕨,Aspleniaceae
Asplenium griffithianum Hook.,叢葉鐵角蕨,鐵角蕨科 (Aspleniaceae)
Asplenium gueinzianum,鱗柄鐵角蕨,Asplenidaceae
Asplenium matsumurae Christ,蘭嶼鐵角蕨,Aspleniaceae
Asplenium normale D.Don,生芽鐵角蕨,Asplenidaceae
Asplenium oldhamii Hance,俄氏鐵角蕨,Aspleniaceae
Asplenium pekinense Hance,北京鐵角蕨,Aspleniaceae
Asplenium prolongatum Hook.,長生鐵角蕨,Aspleniaceae
Asplenium pulcherrimum,細葉鐵角蕨,Aspleniaceae
Asplenium sp.,,Aspleniaceae
Asplenium tenuicaule Hayata,小葉鐵角蕨,Aspleniaceae
Asplenium tripteropus Nakai,三翅鐵角蕨,Aspleniaceae
Asplenium wilfordii Mett.,威氏鐵角蕨,鐵角蕨科 (Aspleniaceae)
Asplenium yoshinagae Makino,斜葉鐵角蕨,鐵角蕨科 (Aspleniaceae)
Aster,,Compositae
Aster ageratoides,山白蘭,Compositae
Aster altaicus,台東鐵桿蒿,Compositae
Aster chingshuiensis Y.C.Liu & C.H.Ou,清水馬蘭,Compositae
Aster formosanus,台灣山白蘭,Compositae
Aster formosanus Hayata,臺灣山白蘭,Compositae
Aster hispidus,狗娃花,Compositae
Aster oldhamii Hemsl.,台灣狗娃花,Compositae
Aster shimadai (Kitam.) Nemoto,島田氏雞兒腸,Compositae
Aster sp.,,Compositae
Aster taiwanensis,臺灣馬蘭,Compositae
Aster taiwanensis Kitam.,台灣馬蘭,Compositae
Astraea lobata,裂葉巴豆,Euphorbiaceae
Astragalus nokoensis Sasaki,能高大山紫雲英,豆科 (Fabaceae)
Athyrium,,蹄蓋蕨科 (Athyriaceae)
Athyrium anisopterum Christ,宿蹄蓋蕨,Athyriaceae
Athyrium atkinsonii,亞德氏蹄蓋蕨,Athyraceae
Athyrium atkinsonii Bedd.,亞德氏蹄蓋蕨,蹄蓋蕨科 (Athyriaceae)
Athyrium banajaoense (C.Chr.) Christenh.,大葉貞蕨,Dryopteridaceae
Athyrium cryptogrammoides Hayata,合歡山蹄蓋蕨,蹄蓋蕨科 (Athyriaceae)
Athyrium decurrentialatum var. decurrentialatum,貞蕨,Athyraceae
Athyrium mupinense Christ,細裂蹄蓋蕨,Dryopteridaceae
Athyrium oppositipennum Hayata,對生蹄蓋蕨,蹄蓋蕨科 (Athyriaceae)
Athyrium puncticaule (Blume) T.Moore,密腺蹄蓋蕨,蹄蓋蕨科 (Athyriaceae)
Athyrium sp.,,Athyraceae
Athyrium tozanense (Hayata) Hayata,蓬萊蹄蓋蕨,蹄蓋蕨科 (Athyriaceae)
Athyrium tripinnatum Tagawa,三回蹄蓋蕨,Dryopteridaceae
Aucuba japonica,東瀛珊瑚,Cornaceae
Aucuba japonica Thunb.,東瀛珊瑚,Cornaceae
Avena sativa L.,燕麥,Poaceae
Barnardia japonica,綿棗兒,Asparagaceae
Barnardia japonica (Thunb.) Schult. & Schult.f.,綿棗兒,Asparagaceae
Barthea barthei (Hance ex Benth.) Krasser,深山野牡丹,Melastomataceae
Begonia austrotaiwanensis,南臺灣秋海棠,Begoniaceae
Begonia buisanensis,武威山秋海棠,Begoniaceae
Begonia chitoensis var. hirsuta,多毛溪頭秋海棠,Begoniaceae
Begonia chuyunshanensis C.I Peng & Y.K.Chen,出雲山秋海棠,Begoniaceae
Begonia chuyunshaniana,出雲山秋海棠,Begoniaceae
Begonia fenicis Merr.,蘭嶼秋海棠,Begoniaceae
Begonia formosana,水鴨腳,Begoniaceae
Begonia hirtella,巴西秋海棠,Begoniaceae
Begonia sp.,,Begoniaceae
Begonia taipeiensis,台北秋海棠,Begoniaceae
Begonia taiwaniana,台灣秋海棠,Begoniaceae
Begonia taiwaniana Hayata,台灣秋海棠,Begoniaceae
Begonia wutaiana,霧台秋海棠,Begoniaceae
Belosynapsis ciliata,毛葉鴨舌疝,Commelinaceae
Belosynapsis kawakamii (Hayata) C.I Peng & Y.J.Chen,川上氏鴨舌疝,Commelinaceae
Benthamiedia japonica var. chinensis,四照花,Cornaceae
Berberis hayatana,早田氏小檗,Berberidaceae
Berberis kawakamii Hayata,高山小蘗,Berberidaceae
Berberis sp.,,Berberidaceae
Berberis tarokoensis S.Y.Lu & Yuen P.Yang,太魯閣小檗,Berberidaceae
Berchemia floribunda (Wall.) Brongn.,大黃鱔藤,Rhamnaceae
Berchemia formosana C.K.Schneid.,臺灣黃鱔藤,Rhamnaceae
Berchemia lineata (L.) DC.,小葉黃鱔藤,Rhamnaceae
Berrya ammonilla Roxb.,六翅木,Malvaceae
Biophytum sensitivum (L.) DC.,羞禮花,Oxalidaceae
Blechnidium melanopus (Hook.) Moore,雉尾烏毛蕨,Blechnaceae
Blechnum hancockii,韓氏烏毛蕨,Blechnaceae
Blumea,,Compositae
Blumea laciniata,裂葉艾納香,Compositae
Blumea oblongifolia Kitam.,台灣艾納香,Compositae
Blumea riparia var. megacephala,大頭艾納香,Compositae
Blumea riparia var. megacephala Randeria,大頭艾納香,Compositae
Blyxa japonica,日本簣藻,Hydrocharitaceae
Blyxa sp.,,Hydrocharitaceae
Boehmeria formosana,台灣苧麻,Urticaceae
Boehmeria formosana Hayata,台灣苧麻,Urticaceae
Boehmeria hwaliensis Y.C.Liu & F.Y.Lu,花蓮苧麻,Urticaceae
Boehmeria longispica Steud.,長穗苧麻,Urticaceae
Boehmeria pilushanensis Y.C.Liu & F.Y.Lu,畢祿山苧麻,Urticaceae
Boehmeria zollingeriana var. blinii (H.Lév.) C.J.Chen,長葉苧麻,Urticaceae
Boenninghausenia albiflora,臭節草,Rutaceae
Boerhavia diffusa L.,黃細心,Nyctaginaceae
Boerhavia erecta L.,直立黃細心,Nyctaginaceae
Boerhavia repens,黃細心,Nyctaginaceae
Bolbitis appendiculata (Willd.) K.Iwats.,刺蕨,Lomariopsidaceae
Bolboschoenus planiculmis (F.Schmidt) T.V.Egorova,雲林莞草,Poaceae
Bothriospermum zeylanicum,細蘽子草,Boraginaceae
Brachypodium sylvaticum,呂宋短柄草,Poaceae
Bredia dulanica C.E.Chang,都蘭布勒德藤,Melastomataceae
Bredia oldhamii,金石榴,Melastomataceae
Bredia oldhamii Hook.f.,金石榴,Melastomataceae
Bretschneidera sinensis Hemsl.,鐘萼木,Bretschneideraceae
Buchozia japonica (Thunb.) Callm.,六月雪,Rubiaceae
Buddleja asiatica Lour.,揚波,Loganiaceae
Buddleja curviflora Hook. & Arn.,彎花醉魚木,Scrophulariaceae
Bulbophyllum retusiusculum,黃萼卷瓣蘭,Orchidaceae
"Bupleurum kaoi T.S. Liu, C.Y. Chao & T.I. Chuang",高氏柴胡,Umbelliferae
Burmannia itoana Makino,紫水玉簪,Burmanniaceae
Burmannia liukiuensis Hayata,寬翅水玉簪,Burmanniaceae
Buxus liukiuensis Makino,琉球黃楊,Buxaceae
Cajanus scarabaeoides (L.) Thouars,蔓蟲豆,Fabaceae
Calanthe densiflora,竹葉根節蘭,Orchidaceae
Calathodes polycarpa Ohwi,多果雞爪草,毛茛科 (Ranunculaceae)
Callicarpa kochiana Makino,鬼紫珠,Verbenaceae
Callicarpa randaiensis Hayata,巒大紫珠,Verbenaceae
Callicarpa remotiserrulata Hayata,疏齒紫珠,Verbenaceae
Callicarpa tikusikensis Masam.,銳葉紫珠,Verbenaceae
Calogyne pilosa subsp. chinensis (Benth.) H.S.Kiu,火花離根香,Goodeniaceae
Calophyllum inophyllum L.,瓊崖海棠,Clusiaceae
Caltha palustris var. palustris,驢蹄草,Ranuculaceae
Camellia,細葉山茶,Theaceae
Camellia brevistyla (Hayata) Cohen-Stuart,短柱山茶,Theaceae
Camellia caudata,尾葉山茶,Theaceae
Camellia salicifolia Champ.,柳葉山茶,Theaceae
Camellia transnokoensis Hayata,泛能高山茶,Theaceae
Campylotropis giraldii (Schindl.) Schindl.,彎龍骨,Fabaceae
Cantoneaster,,薔薇科 (Rosaceae)
Cantoneaster konishii,,Rosaceae
Capillipedium kwashotensis (Hayata) C.C. Hsu,綠島細柄草,Poaceae
Carex,,Cyperaceae
Carex alliiformis C.B.Clarke,林下薹,Cyperaceae
Carex alopecuroides,川上氏薹,莎草科 (Cyperaceae)
Carex atrata,南湖扁果薹,Cyperaceae
Carex bilateralis Hayata,短葉二柱薹,Cyperaceae
Carex brachyathera,垂穗薹,Cyperaceae
Carex breviculmis,短莖宿柱薹,Cyperaceae
Carex breviculmis R.Br.,短莖宿柱薹,Cyperaceae
Carex brunnea,束草,Cyperaceae
Carex brunnea Thunb.,束草,Cyperaceae
Carex capillacea,單穗薹,Cyperaceae
Carex daibuensis Hayata,大武宿柱薹,Cyperaceae
Carex dolichostachya,長穗宿柱薹,Cyperaceae
Carex doniana Spreng.,芒尖薹,Cyperaceae
Carex lui,劉氏薹,Cyperaceae
Carex macrocrandrolepis,菱果薹,莎草科 (Cyperaceae)
Carex maculata,寛囊果薹,Cyperaceae
Carex makinoa,牧野氏薹,Cyperaceae
Carex morii,森氏薹,Cyperaceae
Carex nubigena,聚生穗序薹,Cyperaceae
Carex oxyandra,球穗薹,Cyperaceae
Carex perakensis,黃穗薹,Cyperaceae
Carex rafflesiana Boott,紅頭薹,Cyperaceae
Carex rhynchachaenium,初島氏宿柱薹,Cyperaceae
Carex rochebrunei Franch. & Sav.,高山穗序薹,Cyperaceae
Carex rochebrunii,高山穗序薹,Cyperaceae
Carex sociata,中國宿柱薹,Cyperaceae
Carex sp.,,莎草科 (Cyperaceae)
Carex transalpina,大武宿柱薹,Cyperaceae
Carex tristachya var. pocilliformis Kük.,抱鱗宿柱薹,Cyperaceae
Carpesium,,Compositae
Carpesium divaricatum Siebold & Zucc.,煙管草,Compositae
Carpesium minus Hemsl.,細川氏天名精,Compositae
Carpesium nepalense,黃金珠,Compositae
Carpesium nepalense Less.,黃金珠,菊科 (Compositae)
Carpinus hebestroma Yamam.,太魯閣千金榆,Betulaceae
Carpinus kawakamii Hayata,蘭嵌千金榆,Betulaceae
Carpinus rankanense,蘭嵌千金榆,Betulaceae
Caryopteris incana (Thunb. ex Houtt.) Miq.,灰葉蕕,Verbenaceae
Cassytha filiformis,無根藤,Lauraceae
Cassytha filiformis var. duripraticola,亞毛無根藤,Lauraceae
Castanopsis cuspidata var. carlesii (Hemsl.) T.Yamaz.,長尾栲,Fagaceae
"Castanopsis fabri Hance, 1884",星刺栲,Fagaceae
Castanopsis formosanum,臺灣栲,Fagaceae
Castanopsis indica,印度栲,Fagaceae
Castanopsis uraiana (Hayata) Kaneh. & Hatus.,烏來柯,Fagaceae
Cayratia formosana Hsu & Kuoh,台灣烏斂莓,Vitaceae
Celastrus punctatus,光果南蛇藤,Celastraceae
Celastrus punctatus Thunb.,光果南蛇藤,Celastraceae
Centaurium japonicum (Maxim.) Druce,百金,Gentianaceae
Centipeda minima,石胡荽,Compositae
Centotheca lappacea (L.) Desv.,假淡竹葉,Poaceae
Centranthera cochinchinensis (Lour.) Merr.,胡麻草,Orobanchaceae
Cephalantheropsis gracilis,綠花肖頭蕊蘭,Orchidaceae
Cephalomanes javanicum (Blume) C.Presl,菲律賓厚葉蕨,Hymenophyllaceae
Cephalotaxus wilsoniana Hayata,威氏粗榧,Cephalotaxaceae
Cerastium glomeratum,球序卷耳,Caryophyllaceae
Cerastium wilsonii,卵葉卷耳,Caryophyllaceae
Chaenomeles speciosa (Sweet) Nakai,寒梅,Rosaceae
Chamabainia cuspidata Wight,蟲蟻麻,Urticaceae
Chamaecrista nomame (Makino) H.Ohashi,豆茶決明,Fabaceae
Chamaecyparis obtusa var. formosana (Hayata) Hayata,台灣扁柏,Cuppresaceae
Champereia manillana (Blume) Merr.,山柚,Opiliaceae
"Cheiropleuria integrifolia (D.C.Eaton ex Hook.) M.Kato, Y.Yatabe, Sahashi & N.Murak.",燕尾蕨,Cheiropleuriaceae
Cheirostylis chinensis Rolfe,中國指柱蘭,Orchidaceae
Chionanthus coriaceus Yuen P. Yang & S.Y. Lu,厚葉李欖,Oleaceae
Chionographis koidzumiana,,Asparagaceae
Chirita,雙心皮草,Gesneriaceae
Chirita anachoreta Hance,雙心皮草,Gesneriaceae
Chloranthus oldhamii,臺灣及己,Chloranthaceae
Christella acuminata (Houtt.) H.Lév.,毛蕨,Thelypteridaceae
Christella ensifera (Tagawa) Holttum ex C.M.Kuo,突尖毛蕨,Thelypteridaceae
Chrysosplenium japonicum (Maxim.) Makino,日本貓兒眼睛草,Saxifragaceae
Chrysosplenium lanuginosum var. formosanum (Hayata) Hara,台灣貓兒眼睛草,Saxifragaceae
Cimicifuga,單穗升麻,Ranunculaceae
Cimicifuga simplex (DC.) Wormsk. ex Turcz.,單穗升麻,Ranunculaceae
Cinnamomum tenuifolium fo. nervosum (Meisn.) H.Hara,天竺桂,Lauraceae
Circaea alpina subsp. imaicola (Asch. & Magnus) Kitam.,高山露珠草,柳葉菜科 (Onagraceae)
Cirsium,,菊科 (Compositae)
Cirsium morii Hayata,森氏薊,Compositae
Cirsium sp.,,Compositae
Cirsium vulgare (Savi) Ten.,翼薊,Compositae
Cissus verticillata,,Vitaceae
Cladium jamaicense Crantz,華克拉莎,Cyperaceae
Claoxylon brachyandrum Pax & K.Hoffm.,假鐵莧,Euphorbiaceae
Clematis,田村氏鐵線蓮,Ranunculaceae
Clematis chinensis Osbeck,威靈仙,毛茛科 (Ranunculaceae)
Clematis formosana,,Ranunculaceae
Clematis gouriana subsp. lishanensis,梨山小簑衣藤,Ranunculaceae
Clematis parviloba subsp. bartlettii (Yamam.) T.Y.A.Yang & T.C.Huang,巴氏鐵線蓮,Ranunculaceae
Clematis tamurae,,Ranunculaceae
Clematis tamurae T.Y.A.Yang & T.C.Huang,田村氏鐵線蓮,Ranunculaceae
Clematis tsugetorum Ohwi,高山鐵線蓮,毛茛科 (Ranunculaceae)
Cleyera,,Theaceae
Cleyera japonica var. morii,森氏紅淡比,Theaceae
Cleyera japonica var. morii (Yamam.) Masam.,森氏紅淡比,Pentaphylacaceae
Cleyera japonica var. taipingensis,,Pentaphylacaceae
Cleyera longicarpa,,Pentaphylacaceae
Cleyera sp.,,Theaceae
Clitoria falcata Lam.,鐮刀莢蝶豆,Leguminosae
Cochlearia formosana Hayata,台灣假山葵,Brassicaceae
Coldenia procumbens L.,臥莖同籬生果草,Coldeniaceae
Collinsonia macrobracteata (Masam.) Harley,大苞偏穗花,Labiatae
Colubrina asiatica,亞洲濱棗,Rhmnaceae
Colubrina asiatica (L.) Brongn.,亞洲濱棗,Rhamnaceae
Comanthosphace formosana Ohwi,台灣白木草,Labiatae
Commelina paludosa Blume,大葉鴨跖草,Commelinaceae
Commelina sp.,,Commelinaceae
Coniogramme sp.,,Pteridaceae
Conioselinum morrisonense Hayata,玉山彎柱芎,Umbelliferae
Coptis morii,森氏黃連,Ranunculaceae
Corchorus aestuans L.,繩黃麻,Tiliaceae
Corchorus aestuans var. aestuans,繩黃麻,Tiliaceae
Cordia subcordata,橙花破布子,Boraginaceae
Cornus kousa subsp. chinensis (Osborn) Q.Y. Xiang,四照花,Cornaceae
Corydalis decumbens (Thunb.) Pers.,伏莖紫菫,Fumariaceae
Corydalis incisa,刻葉紫堇,Fumariaceae
Corydalis incisa (Thunb.) Pers.,刻葉紫堇,Fumariaceae
Corydalis ophiocarpa Hook.f. & Thomson,彎果黃堇,Fumariaceae
Corydalis pallida Pers.,黃堇,Fumariaceae
Corydalis sp.,,Papaveraceae
Corydalis tashiroi Makino,台灣黃堇,Fumariaceae
Corylopsis pauciflora Siebold & Zucc.,小葉瑞木,Hamamelidaceae
Cotoneaster bullatus Bois,泡葉栒子,薔薇科 (Rosaceae)
Cotoneaster dammeri C.K.Schneid.,矮生栒子,Rosaceae
Cotoneaster konishii Hayata,臺灣舖地蜈蚣,薔薇科 (Rosaceae)
Cotoneaster morrisonensis,玉山舗地蜈蚣,Rosaceae
Cotoneaster rosiflorus,粉紅花舗地蜈蚣,Rosaceae
Crepidiastrum,臺灣假黃鵪菜,Compositae
Crepidiastrum lanceolatum Nakai,細葉假黃鵪菜,Compositae
Crepidomanes auriculatum,瓶蕨,Hymenophyllaceae
Crepidomanes latealatum (Bosch) Copel.,翅柄假脈蕨,Hymenophyllaceae
Crotalaria albida B.Heyne ex Roth,響鈴豆,Fabaceae
Crotalaria bilata,翼莖野百合,Leguminosae
Crotalaria calycina Schrank,長萼野百合,Fabaceae
Crotalaria chinensis L.,華野百合,Leguminosae
Crotalaria elliptica Roxb.,雙子野百合,Leguminosae
Crotalaria juncea L.,太陽麻,Fabaceae
Crotalaria sessiliflora L.,野百合,Fabaceae
Crotalaria trichotoma Bojer,南美豬屎豆,Leguminosae
Crotalaria verrucosa L.,大葉野百合,Leguminosae
Ctenitis eatonii,愛德氏肋毛蕨,Dryopteridaceae
Cyathula prostrata (L.) Blume,假川牛膝,Amaranthaceae
Cyclea barbata Miers,土防巳,Menispermaceae
Cyclocodon lancifolius,臺灣土黨蔘,Campanulaceae
Cyclogramma auriculata (J.Sm.) Ching,耳羽鉤毛蕨,Thelypteridaceae
Cyclosorus griffithii,聖蕨,Thelypteridaceae
Cyclosorus tottoides,尾葉茯蕨,Thelypteridaceae
Cyclospermum leptophyllum,薄葉芹菜,Umbelliferae
Cymodocea rotundata,絲粉藻,Cymodoceaceae
Cymodocea serrata,齒葉絲粉藻,Cymodoceaceae
Cynanchum formosanum (Maxim.) Hemsl.,台灣牛皮消,Apocynaceae
Cynanchum mooreanum,毛白前,Apocynaceae
Cyperus compressus,扁穗莎草,Cyperaceae
Cyperus javanicus,爪哇磚子苗,Cyperaceae
Cyperus leptocarpus (F.Muell.) Bauters,銀穗湖瓜草,Cyperaceae
Cyperus odoratus,斷節莎,Cyperaceae
Cyperus radians Nees & Meyen,輻射磚子苗,Cyperaceae
Cyperus sp.,,莎草科 (Cyperaceae)
Cyrtandra umbellifera,雄苞囊草,Gesneriaceae
Cyrtococcum patens (L.) A.Camus,弓果黍,Poaceae
Cyrtomium fortunei J.Sm.,貫眾蕨,Dryopteridaceae
Cystopteris moupinensis Franch.,寬葉冷蕨,蹄蓋蕨科 (Athyriaceae)
Damnacanthus angustifolius Hayata,無刺伏牛花,Rubiaceae
Damnacanthus giganteus,長葉虎刺,Rubiaceae
Daphne genkwa Siebold & Zucc.,芫花,Thymelaeaceae
Daphniphyllum glaucescens subsp. oldhamii var. lanyuense T.C.Huang,蘭嶼虎皮楠,Daphniphyllaceae
Davallia,,Davalliaceae
Davallia chrysanthemifolia Hayata,阿里山陰石蕨,Davalliaceae
Debregeasia orientalis C.J.Chen,水麻,Urticaceae
Decalobanthus similis,紅花姬旋花,Convolvulaceae
Decussocarpus costalis,蘭嶼羅漢松,Podocarpaceae
Deinostema adenocaulon (Maxim.) T. Yamaz.,毛澤番椒,Plantaginaceae
Dendranthema arisanense (Hayata) Y. Ling & C. Shih,阿里山油菊,Compositae
Dendranthema horaimontana (Masam.) S.S. Ying,蓬萊油菊,Compositae
Dendranthema lavandulifolium var. tomentellum,新竹油菊,Compositae
Dendranthemum,阿里山油菊,Compositae
Dendropanax,臺灣樹參,Araiaceae
Dendropanax dentiger,台灣樹參,Araliaceae
Deparia allantodoides,亞蹄蓋蕨,Dryopteridaceae
Deparia formosana,假腸蕨,Athyriaceae
Deparia formosana (Rosenst.) R.Sano,假腸蕨,Athyraceae
Deparia jiulungensis (Ching) Z.R.Wang,亞蹄蓋蕨,蹄蓋蕨科 (Athyriaceae)
Desmanthus virgatus (L.) Willd.,多枝草合歡,Leguminosae
Desmodium laxum subsp. laterale,琉球山螞蝗,Leguminosae
Desmodium multiflorum DC.,多花山螞蝗,Fabaceae
Desmodium scorpiurus,蝦尾山螞蝗,Leguminosae
Desmodium tortuosum DC.,紫花山螞蝗,Fabaceae
Desmodium zonatum,單葉拿身草,Fabaceae
Deutzia cordatula H.L.Li,心基葉溲疏,Saxifragaceae
Deutzia formosana,臺灣溲疏,Saxifragaceae
Deutzia pulchra,大葉溲疏,Saxifragaceae
Deutzia pulchra S.Vidal,大葉溲疏,Hydrangeaceae
Deutzia taiwanensis (Maxim.) C.K.Schneid.,台灣溲疏,Saxifragaceae
Dianella ensifolia,桔梗蘭,Xanthohorreaceae
Dianthus palinensis S.S. Ying,巴陵石竹,Caryophyllaceae
Dicranopteris taiwanensis Ching & P.S.Chiu,台灣芒萁,Gleicheniaceae
Dictyocline griffithii,聖蕨,Thelypteridaceae
Didymoglossum tahitense (Nadeaud) Ebihara & K.Iwats.,盾形單葉假脈蕨,Hymenophyllaceae
Digitaria heterantha (Hook.f.) Merr.,粗穗馬唐,Poaceae
Dimeria ornithopoda,觿茅,Poaceae
Diodia teres Walter,圓莖鈕扣草,Rubiaceae
Dioscorea doryphora,恆春薯蕷,Dioscoreaceae
Dioscorea sp.,,Dioscoreaceae
Diospyros morrisiana Hance ex Walp.,山紅柿,Ebenaceae
Diplacrum caricinum,裂穎茅,Cyperaceae
Diplazium maonense Ching,馬鞍山雙蓋蕨,Dryopteridaceae
Diplazium sp.,,Dryopteridaceae
Diplazium squamigerum,長胞雙蓋蕨,Dryopteridaceae
Diplazium subsinuata,單葉雙蓋蕨,Dryopteridaceae
Diplopterygium laevissimum (Christ) Nakai,鱗芽裡白,Gleicheniaceae
Disporopsis ,,Asparagaceae
Disporopsis arisanensis,阿里山假寶鐸花,Asparagaceae
Disporum cantoniense,萬壽竹,Colchicaceae
Disporum kawakamii,台灣寶鐸花,Colchicaceae
Disporum kawakamii Hayata,台灣寶鐸花,Colchicaceae
Disporum sessile,南投寶鐸花,Colchicaceae
Disporum sessile var. intermedium,南投寶鐸花,Cochicaceae
Disporum sessile var. intermedium (H.Hara) Y.H.Tseng & C.T.Chao,南投寶鐸花,百合科 (Liliaceae s. l.)
Disporum shimadae,山寶鐸花,Liliaceae
Disporum shimadae Hayata Disporum shimadae Hayata,山寶鐸花,Colchicaceae
Disporum sp.,,Asparagaceae
Distimake aegyptius (L.) A.R.Simões & Staples,毛木玫瑰,Convolvulaceae
Dopatrium junceum,虻眼,Plantaginaceae
Dracaena angustifolia,番仔林投,Asparagaceae
Drosera burmannii,寬葉毛氈苔,Urticaceae
Drosera burmannii Vahl,寬葉毛氈苔,Droseraceae
Drosera indica L.,長葉茅膏菜,Droseraceae
Drosera spatulata Labill.,小毛氈苔,Droseraceae
Dryopsis apiciflora,頂囊肋毛蕨,Dryopteridaceae
Dryopteris,,鱗毛蕨科 (Dryopteridaceae)
Dryopteris apiciflora (Wall. ex Mett.) Kuntze,頂囊擬鱗毛蕨,Dryopteridaceae
Dryopteris costalisora Tagawa,能高鱗毛蕨,鱗毛蕨科 (Dryopteridaceae)
Dryopteris diffracta (Baker) C.Chr.,彎柄假複葉耳蕨,Dryopteridaceae
Dryopteris formosana,臺灣鱗毛蕨,Dryopteridaceae
Dryopteris integriloba C.Chr.,半育鱗毛蕨,鱗毛蕨科 (Dryopteridaceae)
Dryopteris lepidopoda,厚葉鱗毛蕨,Dryopteridaceae
Dryopteris lepidopoda Hayata,厚葉鱗毛蕨,Dryopteridaceae
Dryopteris nyingchiensis,林芝鱗毛蕨,Dryopteridaceae
Dryopteris polita,台東鱗毛蕨,Dryopteridaceae
Dryopteris polita Rosenst.,台東鱗毛蕨,Dryopteridaceae
Dryopteris pseudosieboldii Hayata,大頂羽鱗毛蕨,Dryopteridaceae
Dryopteris redactopinnata,藏布鱗毛蕨,Dryopteridaceae
Dryopteris redactopinnata Soumen K.Basu & Panigrahi,藏布鱗毛蕨,Dryopteridaceae
Dryopteris serratodentata (Bedd.) Hayata,鋸齒葉鱗毛蕨,Dryopteridaceae
Dryopteris sp.,,Dryopteridaceae
Dryopteris sparsa,長葉鱗毛蕨,Dryopteridaceae
Dryopteris transmorrisonensis (Hayata) Hayata,玉山擬鱗毛蕨,鱗毛蕨科 (Dryopteridaceae)
Dryopteris wallichiana,瓦氏鱗毛蕨,Dryopteridaceae
Dryopteris woodsiisora Hayata,擬岩蕨,Dryopteridaceae
Dryopteris yoroii,上先型鱗毛蕨,Dryopteridaceae
Dumasia miaoliensis Y.C.Liu & F.Y.Lu,苗栗野豇豆,Leguminosae
Dumasia villosa subsp. bicolor (Hayata) H.Ohashi & Tateishi,臺灣山黑扁豆,豆科 (Fabaceae)
Dysosma pleiantha (Hance) Woodson,八角蓮,Berberidaceae
Ehretia longiflora,長花厚殼樹,Ehretiaceae
Ehretia longiflora Champ. ex Benth.,長花厚殼樹,Boraginaceae
Elaeagnus ceropegiooides,,Elaeagnaceae
Elaeagnus chrysocalvus,,Elaeagnaceae
Elaeagnus denarius,,Elaeagnaceae
Elaeagnus formosana,,Elaeagnaceae
Elaeagnus formosensis,,Elaeagnaceae
Elaeagnus formosensis Hatus.,蓬萊胡頹子,Elaeagnaceae
Elaeagnus glabra,,Elaeagnaceae
Elaeagnus glabra Thunb.,藤胡頹子,Elaeagnaceae
Elaeagnus grandifolia,,Elaeagnaceae
Elaeagnus grandifolia Hayata,慈恩胡頹子,Elaeagnaceae
Elaeagnus keelungensis,,Elaeagnaceae
Elaeagnus kotoensis,,Elaeagnaceae
Elaeagnus loureirii,,Elaeagnaceae
Elaeagnus macrophylla,,Elaeagnaceae
Elaeagnus morrisonensis,,Elaeagnaceae
Elaeagnus nokoensis,,Elaeagnaceae
Elaeagnus oldhamii,,Elaeagnaceae
Elaeagnus oldhamii Maxim.,宜梧,Elaeagnaceae
Elaeagnus pungens,,Elaeagnaceae
Elaeagnus sp.,,Elaeagnaceae
Elaeagnus sp. nov.,,Elaeagnaceae
Elaeagnus tarokoensis,,Elaeagnaceae
Elaeagnus thunbergii,,Elaeagnaceae
Elaeagnus triflora,,Elaeagnaceae
Elaeagnus tutcheri,,Elaeagnaceae
Elaeagnus umbellata,,Elaeagnaceae
Elaeagnus umbellata Thunb.,小葉胡頹子,Elaeagnaceae
Elaeocarpus japonicus Siebold & Zucc.,薯豆,Elaeocarpaceae
Elaeocarpus multiflorus (Turcz.) Fern.-Vill.,繁花薯豆,Elaeocarpaceae
Elaphoglossum angulatum (Blume) T.Moore,爪哇舌蕨,Lomariopsidaceae
Elatostema,冷清草,Urticaceae
Elatostema cuneatum Wight,稀齒樓梯草,Urticaceae
Elatostema edule C.B.Rob.,食用樓梯草,Urticaceae
Elatostema hirtellipedunculatum B.L.Shih & Yuen P.Yang,糙梗樓梯草,Urticaceae
Elatostema lineolatum var. majus (Wight) Wedd.,冷清草,Urticaceae
Elatostema microcephalanthum,微頭花樓梯草,Urticaceae
Elatostema microcephalanthum Hayata,微頭花樓梯草,Urticaceae
Elatostema platyphylloides B.L.Shih & Yuen P.Yang,闊葉樓梯草,Urticaceae
Elatostema sp.,,Urticaceae
Elatostema strigillosum B.L.Shih & Yuen P.Yang,微粗毛樓梯草,Urticaceae
Elatostema subcoriaceum B.L.Shih & Yuen P.Yang,近革葉樓梯草,Urticaceae
Elatostemma sp.,,Urticaceae
Eleocharis acicularis (L.) Roem. & Schult.,牛毛氈,Cyperaceae
Eleocharis congesta subsp. japonica (Miq.) T. Koyama,針藺,Cyperaceae
Elsholtzia ciliata (Thunb.) Hyl.,香薷,Labiatae
Embelia lenticellata Hayata,賽山椒,Myrsinaceae
Engelhardia roxburghiana Wall.,台灣黃杞,Juglandaceae
Epaltes australis Less.,鵝不食草,Compositae
Epilobium,,柳葉菜科 (Onagraceae)
Epilobium hohuanense S.S.Ying,合歡柳葉菜,Onagraceae
Epilobium sp.,,Onagraceae
Epipactis royleana,卵葉火燒蘭,Orchidaceae
Epirixanthes elongata Blume,寄生鱗葉草,Polygalaceae
Epithema sp.,,Gesneriaceae
Eragrostis brownii (Kunth) Nees,長畫眉草,Poaceae
Eragrostis curvula (Schrad.) Nees,垂愛草,Poaceae 
Eragrostis japonica (Thunb.) Trin.,日本鯽魚草,Poaceae
Eragrostis sp.,,Poaceae
Eragrostis tenuifolia (A.Rich.) Hochst. ex Steud.,薄葉畫眉草,Poaceae
Eragrostis unioloides (Retz.) Nees ex Steud.,牛蝨草,Poaceae
Erechtites hieracifolia,飢荒草,Compositae
Erechtites hieraciifolius,飢荒草,Compositae
Erigeron morrisonensis Hayata,玉山飛蓬,菊科 (Compositae)
Erigeron morrisonensis var. fukuyamae,福山氏飛蓬,Asteraceae
Eriobotrya,武威山枇杷,Rosaceae
Eriobotrya deflexa,山枇杷,Rosaceae
Eriobotrya deflexa fo. buisanensis (Hayata) Nakai,武威山枇杷,Rosaceae
Eriobotrya deflexa fo. koshunensis (Kanehira & Sasaki) H.L.Li,恆春山枇杷,Rosaceae
Eriocaulon buergerianum Körn.,連萼穀精草,Eriocaulaceae
Eriocaulon cinereum R.Br.,小穀精草,Eriocaulaceae
Eriocaulon nantouense,南投穀精草,Eriocaulaceae
Eriocaulon nepalense J.D.Prescott ex Bong.,尼泊爾穀精草,Eriocaulaceae
Eriocaulon sexangulare L.,大葉穀精草,Eriocaulaceae
Euchresta formosana (Hayata) Ohwi,台灣山豆根,Leguminosae
Euonymus,,Celastraceae
Euonymus carnosus Hemsl.,厚葉衛矛,Celastraceae
Euonymus huangii,,Celastraceae
Euonymus huangii H.Y.Liu & Yuen P.Yang,黃氏衛矛,衛矛科 (Celastraceae)
Euonymus laxiflorus,大丁黃,Celastraceae
Euonymus oxyphyllus Miq.,垂絲衛矛,Celastraceae
Euonymus pallidifolius,淡綠葉衛矛,Celastraceae
Euonymus sp.,,Celastraceae
Euonymus sparguei,,Celastraceae
Eupatorium,基隆澤蘭,Compositae
Eupatorium cannabinum var. gracilimum,塔山澤蘭,Compositae
Eupatorium chinense var. tozanense,塔山澤蘭,菊科 (Compositae)
Eupatorium clematideum (Wall. ex DC.) Sch.Bip.,田代氏澤蘭,Compositae
Eupatorium formosanum,台灣澤蘭,Compositae
Eupatorium formosanum Hayata,臺灣澤蘭,Compositae
"Eupatorium hualienense C.H.Ou, S.W.Chung & C.I Peng",花蓮澤蘭,Compositae
Eupatorium kiirunense (Kitam.) C.H.Ou & S.W.Chung,基隆澤蘭,Compositae
Eupatorium shimadai Kitam.,島田氏澤蘭,菊科 (Compositae)
Eupatorium tashiroi,田代氏澤蘭,Compositae
Euphorbia atoto G.Forst.,濱大戟,Euphorbiaceae
Euphorbia bifida Hook. & Arn.,華南大戟,Euphorbiaceae
"Euphorbia jolkini Boiss., 1860",岩大戟,Euphorbiaceae
Euphorbia peplus,荸艾類大戟,Euphorbiaceae
Euphorbia sp.,,Euphorbiaceae
Euphrasia transmorrisonensis Hayata,玉山小米草,Scorphulariaceae
Eurya,毛果柃木,Theaceae
Eurya crenatifolia,假柃木,Pentaphylacaceae
Eurya emarginata (Thunb.) Makino,濱柃木,Theaceae
Eurya glaberrima Hayata,厚葉柃木,Pentaphylacaceae
Eurya gnaphalocarpa,毛果柃木,Theaceae
Eurya gnaphalocarpa Hayata,毛果柃木,Theaceae
Eurya hayatae Yamam.,早田氏柃木,Theaceae
Eurya japonica,米碎柃木,Theaceae
Eurya leptophylla,薄葉柃木,Pentaphylacaceae
Eurya leptophylla Hayata,薄葉柃木,Theaceae
Eurya loquaiana,細枝柃木,Theaceae
Eurya loquaiana Dunn,細枝柃木,Theaceae
Eurya lui,浸水營柃木,Theaceae
Eurya rengechiensis,蓮花池柃木,Pentaphylacaceae
Eurya septata,台灣格柃,Theaceae
Eurya sp.,,Theaceae
Euscaphis japonica (Thunb.) Kanitz,野鴨椿,Staphyleaceae
Evolvulus alsinoides var. decumbens (R. Brown) Ooststroom,銀絲草,Convolvulaceae
Fagus hayatae Palib. ex Hayata,台灣山毛櫸,Fagaceae
Farfugium,台灣山菊,Compositae
Farfugium japonicum var. formosanum,台灣山菊,Compositae
Farfugium japonicum var. formosanum (Hayata) Kitam.,台灣山菊,Compositae
Festuca sp.,,Poaceae
Ficus fistulosa,水同木,Moraceae
Ficus heteropleura Blume,尖尾長葉榕,Moraceae
Ficus pedunculosa Merr.,蘭嶼蔓榕,Moraceae
Ficus pubinervis Blume,綠島榕,Moraceae
Ficus sarmentosa var. henryi,珍珠蓮,Moraceae
Ficus trichocarpa var. obtusa (Hassk.) Corner,鈍葉毛果榕,Moraceae
Fimbristylis,,Cyperaceae
Fimbristylis aestivalis,小畦畔飄拂草,Cyperaceae
Fimbristylis dichotoma,竹子飄拂草,Cyperaceae
Fimbristylis nutans (Retz.) Vahl,點頭飄拂草,Cyperaceae
Fimbristylis ovata (Burm.f.) J.Kern,卵形飄拂草,Cyperaceae
Fimbristylis polytrichoides (Retz.) Vahl,高雄飄拂草,莎草科 (Cyperaceae)
Fimbristylis sp.,,Cyperaceae
Fimbristylis subinclinata,知本飄拂草,Cyperaceae
Firmiana simplex (L.) W. Wight,梧桐,Sterculiaceae
Flemingia strobilifera,佛萊明豆,Fabaceae
Floscopa scandans,蔓蘘荷,Commelinaceae
Fokienia hodginsii (Dunn) A.Henry & H.H.Thomas,福建柏,Cupressaceae
Fraxinus insularis,臺灣梣,Oleaceae
Fraxinus insularis Hemsl.,台灣梣,Oleaceae
Fuirena ciliaris (L.) Roxb.,毛三稜,Cyperaceae
Fuirena umbellata,黑珠蒿,Cyperaceae
Fuirena umbellata Rottb.,黑珠蒿,Cyperaceae
Fumaria parviflora,小花球果紫堇,Fumariaceae
Gahnia tristis Nees,黑莎草,Cyperaceae
Galactia P.Browne,乳豆屬,Fabaceae
Galactia tenuiflora var. tenuiflora,細花乳豆,Leguminosae
Galium,,茜草科 (Rubiaceae)
Galium echinocarpum Hayata,刺果豬殃殃,Rubiaceae
Galium formosense,圓葉豬殃秧,Rubiaceae
Galium fukuyamae Masam.,福山氏豬殃殃,Rubiaceae
Galium gracilens,琉球豬秧殃,Rubiaceae
Galium gracilens (A. Gray) Makino,琉球豬殃殃,Rubiaceae
Galium sp.,,Rubiaceae
Garcinia multiflora Champ. ex Benth.,恆春福木,Clusiaceae
Gardenia jasminoides J.Ellis,山黃梔,Rubiaceae
Gastrodia,,Orchidaceae
Gaultheria cumingiana S. Vidal,白珠樹,杜鵑花科 (Ericaceae)
Geniostoma rupestre J.R.Forst. & G. Forst.,偽木荔枝,Loganiaceae
Gentiana davidii var. formosana (Hayata) T.N. Ho,臺灣龍膽,龍膽科 (Gentianaceae)
Gentiana flavomaculata,黃斑龍膽,Gentianaceae
Gentiana flavomaculata Hayata,黃斑龍膽,Gentianaceae
Gentiana tenuissima Hayata,台東龍膽,Gentianaceae
Geranium carolinianum L.,野老鸛草,Geraniaceae
Geranium sp.,,Geraniaceae
Geum,日本水楊梅,Rosaceae
Geum japonicum Thunb.,日本水楊梅,Rosaceae
Glechoma hederacea var. grandis,金錢薄荷,Labiatae
Glochidion puberum (L.) Hutch.,紅毛饅頭果,Euphorbiaceae
Glochidion rubrum Blume,細葉饅頭果,Euphorbiaceae
Glossocardia bidens (Retz.) Veldkamp,香茹,Compositae
Glycine max subsp. formosana,台灣大豆,Leguminosae
Glycine tabacina (Labill.) Benth.,澎湖大豆,Fabaceae
Glycine tomentella Hayata,闊葉大豆,Fabaceae
Gnaphalium,直莖鼠麴草,Compositae
Gnaphalium involucratum var. simplex DC.,細葉鼠麴草,Compositae
Gomphostemma callicarpoides (Yamam.) Masam.,台灣錐花,Labiatae
Goniophlebium amoenum (Wall. ex Mett.) Bedd.,阿里山水龍骨,水龍骨科 (Polypodiaceae)
Goniophlebium fieldingianum (Kunze ex Mett.) T.Moore,亞德氏水龍骨,水龍骨科 (Polypodiaceae)
Goniophlebium mengtzeense (Christ) G.Roedl-Linder,擬水龍骨,水龍骨科 (Polypodiaceae)
Gonostegia pentandra (Roxb.) Miq.,五蕊石薯,Urticaceae
Goodyera foliosa (Lindl.) Benth. ex C.B.Clarke,高嶺斑葉蘭,Orchidaceae
Gordonia axillary,大頭茶,Theaceae
Grammitis okuboi,梳葉蕨,Grammitidaceae
Grewia biloba G.Don,厚葉捕魚木,Tiliaceae
Grypothrix ramosii (Christ) S.E.Fawc. & A.R.Sm.,琉球新月蕨,Thelypteridaceae
Gymnema sylvestre (Retz.) R. Br. ex Schult.,武靴藤,Apocynaceae
Gynostemma pentaphyllum (Thunb.) Makino,絞股藍,Cucurbitaceae
Gynura japonica (Thunb.) Juel,黃花三七草,Compositae
Gynura sp.,,Compositae
Hackelochloa granularis (L.) Kuntze,亥氏草,Poaceae
Halodule uninervis,單脈二藥藻,Cymodoceaceae
Halophila ovalis,卵葉鹽藻,Hydrocharitaceae
Halophila ovalis (R.Br.) Hook.f.,卵葉鹽藻,Hydrocharitaceae
Haloragis chinensis (Lour.) Merr.,黃花小二仙草,小二仙草科 (Holaragaceae)
Haloragis micrantha (Thunb.) R. Br.,小二仙草,Haloragaceae
Haplopteris taeniophylla (Copel.) E.H.Crane,廣葉書帶蕨,書帶蕨科 (Vittariaceae)
Hedera helix,臺灣常春藤,Araliaceae
Hedera rhombea var. formosana (Nakai) H.L. Li,台灣常春藤,Araliaceae
Hedyotis,,Rubiaceae
Hedyotis sp.,,Rubiaceae
Hedyotis uncinella Hook. & Arn.,長節耳草,Rubiaceae
Helicia formosana Hemsl.,山龍眼,Proteaceae
Helonias,台灣胡麻花,Melanthiaceae
Helonias bakeri,台灣胡麻花,Melanthiaceae
Helonias umbellata,臺灣胡麻花,Melanthiaceae
Helonias umbellata (Baker) N. Tanaka,台灣胡麻花,Melanthiaceae
Heloniopsis,,Melanthiaceae
Heloniopsis umbellata,,Melanthiaceae
Helwingia japonica subsp. formosana,臺灣青莢葉,Cornaceae
Helwingia japonica subsp. taiwaniana Yuen P.Yang & H.Y.Liu,台灣青莢葉,Cornaceae
Hemarthria compressa,扁穗牛鞭草,Poaceae
Heteranthera zosterifolia,小竹葉,Pontederiaceae
Heteropogon contortus (L.) P.Beauv. ex Roem. & Schult.,黃茅,Poaceae
Heteropolygonatum altelobatum,台灣黃精,Asparagaceae
"Heteropolygonatum altelobatum (Hayata) Y.H.Tseng, H.Y.Tzeng & C.T.Chao",台灣黃精,Asparagaceae
Heterosamara tatarinowii (Regel) Paiva,小扁豆,遠志科 (Polygalaceae)
Heterosmilax,平柄菝葜,Smilacaceae
Hibiscus asper Hook.f.,糙葉木槿,Malvaceae
Hibiscus makinoi,牧野氏山芙蓉,Malvaceae
Hibiscus surattensis L.,刺芙蓉,Malvaceae
Hibiscus taiwanensis,臺灣山芙蓉,Malvaceae
Hibiscus taiwanensis S.Y.Hu,台灣山芙蓉,Malvaceae
Homalanthus fastuosus (Linden) Fern.-Vill.,圓葉血桐,Euphorbiaceae
Homalium cochinchinensis,天料木,Flacourtiaceae
Homonoia riparia Lour.,水楊梅,Euphorbiaceae
Hudrangea longifolia,長葉繡球,Saxifragaceae
Huperzia javanica (Sw.) C.Y.Yang,長柄千層塔,Lycopodiaceae
Huperzia quasipolytrichoides (Hayata) Ching,反捲葉石松,Lycopodiaceae
Hybanthus enneaspermus (L.) F. Muell.,鼠鞭草,Violaceae
Hydrangea longifolia,長葉繡球,Hydrangeaceae
Hydrangea longifolia Hayata,長葉繡球,Hydrangeaceae
Hydrocotyle batrachium Hance,台灣天胡荽,Umbelliferae
Hydrolea zeylanica (L.) Vahl,探芹草,Hydrophyllaceae
Hygrophila salicifolia (Vahl) Nees,柳葉水蓑衣,Acanthaceae
Hylodesmum laterale,琉球山螞蝗,Leguminosae
Hylodesmum laterale (Schindl.) H.Ohashi & R.R.Mill,琉球山螞蝗,Fabaceae
Hymenasplenium murakami-hatanakae Nakaike,單邊鐵角蕨,Aspleniaceae
Hymenasplenium subnormale (Copel.) Nakaike,小鐵角蕨,Aspleniaceae
Hymenophyllum,青綠蕗蕨,Hymenophyllaceae
Hymenophyllum fujisanense Nakai,細葉蕗蕨,Hymenophyllaceae
Hymenophyllum holochilum (Bosch) C.Chr.,南洋厚壁蕨,Hymenophyllaceae
Hymenophyllum okadae Masam.,寬片膜蕨,Hymenophyllaceae
Hymenophyllum pallidum (Blume) Ebihara & K.Iwats.,毛葉蕨,Hymenophyllaceae
Hymenophyllum paniculiflorum C.Presl,頂囊蕗蕨,Hymenophyllaceae
Hymenophyllum parallelocarpum Hayata,平羽蕗蕨,Hymenophyllaceae
Hymenophyllum polyanthos,細葉蕗蕨,Hymenophyllaceae
Hymenophyllum punctisorum Rosenst.,裸柄蕗蕨,Hymenophyllaceae
Hymenophyllum sp.,,Hymenophyllaceae
Hypericum geminiflorum Hemsl. var. geminiflorum,雙花金絲桃,Hypericaceae
Hypericum geminiflorum var. simplicistylum N.Robson,小雙花金絲桃,Guttiferae
Hypericum gramineum G.Forst.,細葉金絲桃,Hypericaceae
Hypericum nakamurai,清水金絲桃,Guttiferae
Hypericum perforatum subsp. chinense,中國金絲桃,Clusiaceae
Hypericum sp.,,Guttiferae
Hypochaeris glabra L.,光貓兒菊,Compositae
"Hypodematium shingii Li Bing Zhang, Fan, X.-P. & X.F. Ga",腫足蕨,Thelypteridaceae
Hypolepis alpina (Blume) Hook.,臺灣姬蕨,Dennstaedtiaceae
Hypolepis punctata,姬蕨,Dennstaedtiaceae
Hyptis  brevipes,短柄香苦草,Labiatae
Hyptis spicigera Lam.,穗花香苦草,Labiatae
Hyptis suaveolens (L.) Poit.,香苦草,Labiatae
Ilex asprella Champ. ex Benth.,燈稱花,Aquifoliaceae
Ilex cochinchinensis Loes.,革葉冬青,Aquifoliaceae
Ilex ficoidea Hemsl.,台灣糊樗,Aquifoliaceae
Ilex formosana Maxim.,糊樗,Aquifoliaceae
Ilex kusanoi Hayata,草野氏冬青,Aquifoliaceae
Ilex maximowicziana Loes.,金平氏冬青,Aquifoliaceae
Ilex pedunculosa Miq.,刻脈冬青,冬青科 (Aquifoliaceae)
Ilex rotunda Thunb.,鐵冬青,Aquifoliaceae
Ilex sugerokii var. brevipedunculata (Maxim.) S.Y. Hu,太平山冬青,Aquifoliaceae
Ilex uraiensis Yamam.,烏來冬青,Aquifoliaceae
Illicium anisatum,白花八角,Illiciaceae
Illicium anisatum L.,白花八角,Illiciaceae
Illicium arborescens Hayata,紅花八角,Illiciaceae
Impatiens devolii T.C. Huang,棣慕華鳳仙花,Balsaminaceae
Impatiens uniflora,紫花鳳仙花,Balsaminaceae
Indigofera byobiensis Hosok.,貓鼻頭木藍,Leguminosae
Indigofera glandulifera,腺葉木藍,Leguminosae
Indigofera glandulifera Page ex Steud.,腺葉木藍,Leguminosae
Indigofera hirsuta L.,毛木藍,Leguminosae
Indigofera linifolia ,細葉木藍,Leguminosae
Indigofera linifolia (L. f.) Retz.,細葉木藍,Leguminosae
Indigofera nigrescens,黑木藍,Fabaceae
Indigofera pseudo-tinctoria Matsum.,馬棘,Leguminosae
Indigofera ramulosissima Hosok.,太魯閣木藍,Leguminosae
Indigofera taiwaniana T.C.Huang & M.J.Wu,台灣木藍,Leguminosae
Indigofera tinctoria L.,木藍,Leguminosae
Indigofera trifoliata L.,三葉木藍,Leguminosae
Indocypraea montana (Blume) Orchard,山蟛蜞菊,Compositae
Ipomoea alba L.,天茄兒,Convolvulaceae
Ipomoea hederacea Jacq.,碗仔花,Convolvulaceae
Ipomoea littoralis Blume,海牽牛,Convolvulaceae
Ipomoea polymorpha,變葉立牽牛,Convolvulaceae
Ipomoea sp.,,Convolvulaceae
Iris bulleyana,西南鳶尾,Iridaceae
Isachne globosa (Thunb.) Kuntze,柳葉箬,Poaceae
Isachne nipponensis Ohwi,日本柳葉箬,Poaceae
Ischaemum aristatum var. glaucum (Honda) T. Koyama,鴨嘴草,Poaceae
Ischaemum sp.,,Poaceae
Isodon amethystoides (Benth.) H. Hara,香茶菜,Labiatae
Isodon longitubus,長管香茶菜,Labiatae
Isodon macrocalyx (Dunn) Kudô,大萼香茶菜,Labiatae
Itea oldhamii,鼠刺,Saxifragaceae
Itea oldhamii C.K. Schneid.,鼠刺,Iteaceae
Ixeris debilis,細葉剪刀股,Compositae
Ixeris debilis A.Gray,細葉剪刀股,Compositae
Ixeris tamagawaensis (Makino) Kitam.,澤苦菜,Compositae
Ixeris tamagawensis,澤苦菜,Compositae
Jacquemontia tamnifolia (L.) Griseb.,長梗毛娥房藤,Convolvulaceae
Jasminanthes mucronata (Blanco) W.D. Stevens & P.T. Li,舌瓣花,Apocynaceae
Juncus sp.,,Juncaceae
Juncus tobdeniorum,鴛鴦湖燈心草,Juncaceae
Juncus triflorus,玉山燈心草,Juncaceae
Juniperus formosana var. concolor Hayata,綠背刺柏,Cupressaceae
Justicia quadridaria,花蓮爵床,Acanthaceae
Justicia quadrifaria (Nees) T.Anderson,花蓮爵床,Acanthaceae
Lamium amplexicaule L.,寶蓋草,Labiatae
Lamium hybridum Vill.,雜種野芝麻,Labiatae
Lasianthus,小葉雞屎樹,Rubiaceae
Lasianthus appressihirtus var. maximus Simizu ex T.S. Liu & J.M. Chao,大葉密毛雞屎樹,Rubiaceae
Lasianthus fordii Hance,琉球雞屎樹,Rubiaceae
Lasianthus heiranensis Hayata,希蘭山雞屎樹,Rubiaceae
Lasianthus hiiranensis,希蘭山雞屎樹,Rubiaceae
Lasianthus japonicus Miq.,日本雞屎樹,Rubiaceae
Lasianthus obliquinervis var. simizui T.S.Liu & J.M.Chao,清水氏雞屎樹,Rubiaceae
Lasianthus sp.,,Rubiaceae
Lasianthus sp. ,,Rubiaceae
Lastreopsis tenera (R.Br.) Tindale,金毛蕨,Tectariaceae
Leea philippinensis Merr.,菲律賓火筒樹,Leeaceae
Lemmaphyllum rostratum (Bedd.) Tagawa,長柄瓦葦,水龍骨科 (Polypodiaceae)
Lepidagathis stenophylla C.B.Clarke ex Hayata,柳葉鱗球花,Acanthaceae
Lepisorus megasorus,鱗瓦葦,Polypodiaceae
Lepisorus monilisorus (Hayata) Tagawa,擬笈瓦葦,Polypodiaceae
Lepisorus morrisonensis (Hayata) H.Itô,玉山瓦葦,水龍骨科 (Polypodiaceae)
Lepisorus papakensis (Masam.) Ching & Y.X.Lin,網眼瓦葦,Polypodiaceae
Lepisorus pseudoussuriensis Tagawa,擬烏蘇里瓦葦,Polypodiaceae
Lepisorus sp.,,Polypodiaceae
Lepisorus suboligolepidus Ching,擬鱗瓦葦,Polypodiaceae
Lepisorus suboligopelidus,擬鱗瓦葦,Polypodiaceae
Leptogramma tottoides Hayata ex H.Itô,尾葉伏蕨,Thelypteridaceae
Leptopetalum multiflora,多花耳草,Rubiaceae
Leptopetalum taiwanense ,台灣耳草,Rubiaceae
Leucas chinensis,白花草,Labiatae
Leucospora multifida,,Plantaginaceae
Leucosyke quadrinervia C.B.Rob.,四脈麻,Urticaceae
Ligularia kojimae Kitam.,高山橐吾,菊科 (Compositae)
Ligustrum morrisonense,玉山女貞,Oleaceae
Ligustrum pricei Hayata,阿里山女貞,Oleaceae
Lilium callosum,野小百合,Liliaceae
Lilium formosanum,台灣百合,Liliaceae
Lilium longiflorum,粗莖麝香百合,Liliaceae
Lilium longiflorum var. longiforum,,Liliaceae
Lilium longiflorum var. scabrum Masam.,粗莖麝香百合,Liliaceae
Lilium longifolium,粗莖麝香百合,Liliaceae
Lilium lophophorum,尖被百合,Liliaceae
Limnophila aromaticoides Yuen P. Yang & S.H. Yen,擬紫蘇草,Plantaginaceae
Limnophila rugosa,大葉田香,Plantaginaceae
Limnophila sp.,屏東石龍尾,Plantaginaceae
Limnophila trichophylla,小花石龍尾,Plantaginaceae
Limonium tetragonum (Thunb.) A.Loscos & J.Pardo,藍花磯松,Plumbaginacaee
Lindera akoensis,內苳子,Lauraceae
Lindera akoensis Hayata,內苳子,Lauraceae
Lindera erythrocarpum,鐵釘樹,Lauraceae
Lindera glauca,白葉釣樟,Lauraceae
Lindernia dubia (L.) Pennell,美洲母草,Linderniaceae
Lindernia procumbens,陌上菜,Linderniaceae
Lindsaea lucida Blume,方柄鱗始蕨,Lindsaeaceae
Lindsaea orbiculata (Lam.) Mett. ex Kuhn,魚鱗蕨,鱗毛蕨科 (Dryopteridaceae)
Linum usitatissimum,亞麻,Linaceae
Liparis bootanensis,長葉羊耳蒜,Orchidaceae
Liparis sp.,,Orchidaceae
Liriope,,百合科 (Liliaceae s. l.)
Liriope graminifolia,細葉麥門冬,Asparagaceae
Liriope minor var. angustissima (Ohwi) S.S. Ying,細葉麥門冬,Asparagaceae
Liriope platyphylla,闊葉麥門冬,Asparagaceae
Liriope spicata,麥門冬,Asparagaceae
Liriope spicata Lour.,麥門冬,百合科 (Liliaceae s. l.)
Lithocarpus corneus (Lour.) Rehder,後大埔石櫟,Fagaceae
Lithocarpus formosanus (Skan) Hayata,台灣石櫟,Fagaceae
Lithocarpus hancei (Benth.) Rehder,三斗石櫟,Fagaceae
Lithocarpus harlandii (Hance ex Walp.) Rehder,加拉段柯,Fagaceae
Lithocarpus lepidocarpus,鬼櫟,Fagaceae
Lithocarpus shinsuiensis Hayata & Kaneh.,浸水營石櫟,Fagaceae
Litsea,,Lauraceae
Litsea acuminata (Blume) Kurata,長葉木薑子,Lauraceae
Litsea acutivena,銳脈木薑子,Lauraceae
Litsea akoensis,屏東木薑子,Lauraceae
Litsea cubeba,山胡椒,Lauraceae
Litsea cubeba (Lour.) Pers.,山胡椒,Lauraceae
Litsea hypophaea Hayata,小梗木薑子,Lauraceae
Litsea morrisonensis Hayata,玉山木薑子,Lauraceae
Lobelia alsinoides  subsp. hancei ,短柄半邊蓮,Campanulaceae
Lobelia heyneana,翼莖山梗菜,Campanulaceae
Lolium perenne,黑麥草,Poaceae
Lonicera chrysantha var. koehneana,鬚蕊忍冬,Caprifoliaceae
Loranthus delavayi Tiegh. ex Lecomte,椆樹桑寄生,Loranthaceae
Lotus taitungensis S.S.Ying,台東百脈根,Fabaceae
Ludwigia hyssopifolia (G.Don) Exell,細葉水丁香,Onagraceae
Ludwigia palustris (L.) Elliott,沼生水丁香,Onagraceae
Ludwigia sp.,,Onagraceae
Luzula effusa Buchenau,中國地楊梅,燈心草科 (Juncaceae)
Luzula effusa var. chinensis,中國地楊梅,Juncaceae
Luzula taiwaniana,臺灣地楊梅,Juncaceae
Lycianthes lysimachioides (Wall.) Bitter,蔓茄,茄科 (Solanaceae)
Lycianthes macrodon,大齒紅絲線,Solanaceae
Lycipodia sp.,,Lycopodiaceae
Lycopodium annotinum,杉葉蔓石松,Lycopodiaceae
Lycopodium complanatum L.,地刷子,Lygodiaceae
Lycopodium fordii,福氏石松,Lycopodiaceae
Lycopodium serratum var. longipetiolatum,長柄千層塔,Lycopodiaceae
Lycopodium serratum var. serratum,千層塔,Lycopodiaceae
Lycoris aurea (L'Hér.) Herb.,金花石蒜,Amaryllidaceae
Lycoris radiata Herb.,紅花石蒜,Amaryllidaceae
Lycoris sprengeri Comes ex Baker,換錦花,Amaryllidaceae
Lygodium microphyllum (Cav.) R.Br.,小葉海金沙,Lygodiaceae
Lyonia ovalifolia (Wall.) Drude,南燭,Ericaceae
Lysimachia decurrens G. Forst.,異葉珍珠菜,Primulaceae
Lysimachia fortunei Maxim.,星宿菜,Primulaceae
Macaranga sinensis Baill. ex Müll. Arg.,紅肉橙蘭,Euphorbiaceae
Machilus obovatifolia var. obovatifolia,倒卵葉楠,Lauraceae
Machilus philippinensis Merr.,菲律賓楠,Lauraceae
Macleaya cordata (Willd.) R. Br.,博落迴,Fumariaceae
Maclura cochinchinensis (Lour.) Corner,刺格,Oleaceae
Macroptilium bracteatum (Nees & Mart.) Maréchal & Baudet,苞葉賽芻豆,Leguminosae
Maesa,臺灣山桂花,Myrsinaceae
Maesa formosana,臺灣山桂花,Myrsinaceae
Maesa lanyuensis Yuen P. Yang,蘭嶼山桂花,Myrsinaceae
Maesa perlaria,台灣山桂花,Myrsinaceae
Magnolia compressa var. formosana (Kaneh.) Chien F.Chen,台灣烏心石,Magnoliaceae
Magnolia kachirachirae (Kaneh. & Yamam.) Dandy,烏心石舅,Magnoliaceae
Mahonia sp.,,Berberidaceae
Maianthemum formosanum,台灣鹿藥,Asparagaceae
Maianthemum formosanum (Hayata) LaFrankie,台灣鹿藥,Asparagaceae
Maianthemum harae,原氏鹿藥,Asparagaceae
Maianthemum harae Y.H.Tseng & C.T.Chao,原氏鹿藥,百合科 (Liliaceae s. l.)
Maianthemum henryi var. szechuanica,四川鹿藥,Asparagaceae
Mallotus,臺灣白匏子,Euphorbiaceae
Mallotus repandus (Rottler) Müll. Arg.,扛香藤,Euphorbiaceae
Malus doumeri,臺灣蘋果,Rosaceae
Malus doumeri (Bois) A. Chev.,臺灣蘋果,Rosaceae
Malus hupehensis (Pamp.) Rehder,湖北海棠,Rosaceae
Malus koidzumii,小泉氏蘋果,Rosaceae
Mariscus sumatrensis (Retz.) J. Raynal,磚子苗,Cyperaceae
Marsdenis formosana,臺灣牛嬭菜,Apocynaceae
Mazus delavayi Bonati,阿里山通泉草,Phrymaceae
Medicago lupulina L.,天藍苜蓿,Leguminosae
Medicago polymorpha,苜蓿,Leguminosae
Medicago polymorpha L.,苜蓿,Leguminosae
Medicago sativa L.,紫花苜蓿,Fabaceae
Medinilla formosana Hayata,台灣野牡丹藤,Melastomataceae
Medinilla hayatana H.Keng,蘭嶼野牡丹藤,Melastomataceae
Melampyrum roseum Maxim.,山蘿花,Orobanchaceae
Melanthera nivea (L.) Small,方莖鹵地菊,Compositae
Melastoma kudoi Sasaki,水社野牡丹,Melastomataceae
Melastoma sanguineum,毛稔,Melastomataceae
Melicope triphylla (Lam.) Merr.,假三腳虌,Rutaceae
Melilotus suaveolens Ledeb.,草木樨,Fabaceae
Meliosma callicarpifolia,紫珠葉泡花樹,Sabiaceae
Melissa axillaris (Benth.) Bakh. f.,蜜蜂花,唇形科 (Labiatae)
Mercurialis leiocarpa Siebold & Zucc.,山靛,Euphorbiaceae
Merremia umbellata,繖花菜欒藤,Convolvulaceae
Mesona chinensis,仙草,Labiatae
Messaenda,台北玉葉金花,Rubiaceae
Metathelypteris laxa (Franch. & Sav.) Ching,柔葉凸軸蕨,Thelypteridaceae
Microcarpaea minima (K.D. Koenig ex Retz.) Merr.,微果草,Plantaginaceae
Microglossa pyrifolia Kuntze,小舌菊,Compositae
Microlepia platyphylla (D.Don) J.Sm.,闊葉鱗蓋蕨,Dennstaedtiaceae
Micropolypodium okuboi (Yatabe) Hayata,梳葉蕨,Grammitidaceae
Microsorum steerei (Harr.) Ching,廣葉星蕨,Polypodiaceae
Microtropis japonica (Franch. & Sav.) Hallier f.,日本賽衛矛,Celastraceae
Mitrasacme indica Wight,光巾草,Loganiaceae
Mitrasacme pygmaea,矮型光巾草,Loganiaceae
Mitrasacme pygmaea R.Br.,矮形光巾草,Loganiaceae
Mitrastemon kawasasakii Hayata,台灣奴草,Mitrastemonaceae
Mnesithea laevis var. cochinchinensis (Lour.) de Koning & Sosef,假蛇尾草,Poaceae
Moehringia trinervia (L.) Clairv.,三脈種阜草,Caryophyllaceae
Mollugo verticillata L.,光葉粟米草,Molluginaceae
Monochoria vaginalis (Burm.f.) C.Presl,鴨舌草,Pontederiaceae
Morinda umbellata L.,羊角藤,Rubiaceae
Mosla scabra (Thunb.) C.Y.Wu & H.W.Li,短梗香苦草,Labiatae
Mucuna membranacea Hayata,蘭嶼血藤,Leguminosae
Mukia maderaspatana (L.) M. Roem.,天花,Cucurbitaceae
Murdannia loriformis,牛軛草,Commelinaceae
Murdannia loriformis (Hassk.) R.S. Rao & Kammathy,牛軛草,Commelinaceae
Murdannia nudiflora (L.) Brenan,裸花水竹葉,Commelinaceae
Murdannia spirata (L.) G. Brückn.,矮水竹葉,Commelinaceae
Murraya euchrestifolia,山豆葉月橘,Rutaceae
Murraya euchrestifolia Hayata,山黃皮,Rutaceae
Mussaenda kotoensis Hayata,紅頭玉葉金花,Rubiaceae
Mussaenda parviflora var. formosana Matsum.,寶島玉葉金花,Rubiaceae
Myersine seguinii H. Lév.,大明橘,Myrsinaceae
Myrsine africana,小葉鐵仔,Myrsinaceae
Narenga porphyrocoma (Hance ex Trimen) Bor,河王八,Poaceae
Neanotis formosana (Hayata) W.H. Lewis,台灣新耳草,Rubiaceae
Nemosenecio formosanus (Kitam.) B. Nord.,臺灣劉寄奴,菊科 (Compositae)
Neolitsea aciculata var. variabillima J.C. Liao,變葉新木薑子,Lauraceae
Neolitsea acuminatissima,高山新木薑子,Lauraceae
Neolitsea acuto-trinervia,銳葉新木薑子,Lauraceae
Neolitsea konishii (Hayata) Kaneh. & Sasaki,五掌楠,Lauraceae
Neolitsea parvigemma (Hayata) Kaneh. & Sasaki,小芽新木薑子,Lauraceae
Oenanthe javanica (Blume) DC.,水芹菜,Umbelliferae
Oenothera laciniata,裂葉月見草,Onagraceae
Oenothera sp.,,Onagraceae
Oldenlandia corymbosa L.,繖花龍吐珠,Rubiaceae
Ophioderma pendulum (L.) C.Presl,帶狀瓶爾小草,Ophioglossaceae
Ophioglossum austroasiaticum M.Nishida,瓶爾小草,Ophioglossaceae
Ophioogon intermedius,,Asparagaceae
Ophiopogon,間型沿階草,Asparagaceae
Ophiopogon bodinieri,沿階草,Asparagaceae
Ophiopogon clarkei,長絲沿階草,Asparagaceae
Ophiopogon intermedius, ,Asparagaceae
Ophiopogon intermedius D.Don,間型沿階草,百合科 (Liliaceae s. l.)
Ophiopogon reversus,高節沿階草,Asparagaceae
Ophiopogon reversus C.C.Huang,高節沿階草,Asparagaceae
Ophiopogon sp.,,Asparagaceae
Ophiopogon sp. ,,百合科 (Liliaceae s. l.)
Ophiorrhiza kuroiwae,小花蛇根草,Rubiaceae
Ophiorrhiza mitchelloides (Masam.) H.S. Lo,玉蘭草,Rubiaceae
Oreogrammitis congener (Blume) Parris,大武禾葉蕨,Grammitidaceae
Oreogrammitis curtisii (Baker) Parris & Sundue,蒿蕨,Grammitidaceae
Origanum vulgare L. var. formosanum Hayata,臺灣野薄荷,Labiatae
"Ormosia hengchuniana T.C.Huang, S.F.Huang & K.C.Yang",恆春紅豆樹,Leguminosae
Osbeckia chinensis,金錦香,Melastomataceae
Osmolindsaea japonica (Blume) Lehtonen & Christenh.,日本鱗始蕨,Lindsaeaceae
Osmolindsaea odorata (Roxb.) Lehtonen & Christenh.,鱗始蕨,Lindsaeaceae
Osmorhiza aristata (Thunb.) Rydb.,臭根,Umbelliferae
Osmunda banksiifolia,粗齒革葉紫萁,Oamundaceae
Osmunda claytoniana L.,絨假紫萁,Osmundaceae
Osmundastrum cinnamomeum (L.) C.Presl,分株假紫萁,Osmundaceae
Osteomeles schwerinae C.K.Schneid.,華西小石積,Rosaceae
Ottelia alismoides (L.) Pers.,水車前,Hydrocharitaceae
Paliurus ramosissimus (Lour.) Poir.,馬甲子,Rhamnaceae
Panicum sarmentosum Roxb.,藤竹草,Poaceae
Paraboea swinhoii (Hance) B.L. Burtt,旋莢木,Gesneriaceae
Paragymnopteris vestita (Hook.) K.H.Shing,金毛裸蕨,Pteridaceae
Paraphlomis formosana T.H. Hsieh & T.C. Huang,台灣假糙蘇,Labiatae
Paraprenanthes sororia (Miq.) C.Shih,假福王草,Compositae
"Parasenecio morrisonensis Ying Liu, C.I Peng & Q.E. Yang",玉山蟹甲草,Compositae
Paratinospora dentata (Diels) Wei Wang,恆春青牛膽,Menispermaceae
Parietaria micrantha,牆草,Urticaceae
Paris,高山七葉一枝花,Melanthiaceae
Paris polyphylla,華七葉一枝花,Melanthiaceae
Paris polyphylla Sm.,華七葉一枝花,Melanthiaceae
Paris polyphylla var. stenophylla Franch.,狹葉七葉一枝花,百合科 (Liliaceae s. l.)
Paris polyphylla var. taitungensis (S.S.Ying) S.S.Ying,台東七葉一枝花,Melanthiaceae
Parnassia palustris L.,梅花草,Celastraceae
Pasania sp.,,Fagaceae
Patrinia formosana Kitam.,台灣敗醬,Valeriaceae
Patrinia scabiosifolia Link,黃花龍芽草,敗醬科 (Valerianaceae)
Pedicularis ikomae,南湖蒿草,Scrophulariaceae
Pedicularis refracta var. transmorrisonensis (Hayata) Hurus.,玉山蒿草,Orobanchaceae
Pedicularis sp.,,Orobanchaceae
Peliosanthes arisanensis,阿里山球子草 ,Asparagaceae
Peliosanthes kaoi,高氏球子草,Asparagaceae
Peliosanthes kaoi Ohwi,高氏球子草,Asparagaceae
Peliosanthes macrostegia Hance,矮球子草,Asparagaceae
Pellionia radicans,赤車使者,Urticaceae
Pennisetum polystachion (L.) Schult.,牧地狼尾草,Poaceae
Pennisetum setaceum (Forssk.) Chiov.,羽絨狼尾草,Poaceae
Peperomia nakaharae Hayata,山椒草,Piperaceae
Peperomia rubrivenosa C.DC.,蘭嶼椒草,Piperaceae
Peperomia tetraphylla Hook. & Arn.,小椒草,Piperaceae
Peplidium maritimum,濱溝馬齒,Phrymaceae
Perilla frutescens (L.) Britton,紫蘇,Labiatae
Perotis rara R.Br.,大穗茅根,Poaceae
Perrotettia arisanensis,佩羅特木,Celastraceae
Perrottetia arisanensis Hayata,佩羅特木,Dipentodonataceae
Persicaria glabra (Willd.) M. Gómez,紅辣蓼,Polygonaceae
Persicaria lapathifolia (L.) Delarbre,早苗蓼,Polygonaceae
Persicaria nepalensis (Meisn.) H. Gross,野蕎麥,Polygonaceae
Persicaria nepalensis (Meisn.) H.Gross,尼泊爾蓼,Polygonaceae
Persicaria pusumbu (Buch.-Ham. ex Don) H. Gross,花蓼,蓼科 (Polygonaceae)
Petasites formosanus,臺灣款冬,Compositae
Petrosavia sakuraii,櫻井草,Petrosaviaceae
Petrosavia sakuraii (Makino) J.J.Sm. ex Steenis,櫻井草,Petrosaviaceae
Peucedanum formosanum,台灣前胡,Umbelliferae
Peucedanum formosanum Hayata,台灣前胡,Apiaceae
Phanera championii Benth.,菊花木,Leguminosae
Philydrum lanuginosum Banks & Sol. ex Gaertn.,田蔥,Philydraceae
Phlegmariurus fordii,福氏馬尾杉,Lycopodiaceae
Phlegmariurus salvinioides (Herter) Ching,小垂枝石松,Lycopodiaceae
Phoebe,台灣雅楠,Lauraceae
Phragmites australis (Cav.) Trin. ex Steud.,蘆葦,Poaceae
Phyla nodiflora,鴨舌癀,Verbenaceae
Phyllanthus sp.,,Euphorbiaceae
Phyllanthus virgatus,細葉油柑,Phyllanthaceae
Phyllanthus virgatus G.Forst.,細葉油柑,Phyllanthaceae
Phyllodium pulchellum (L.) Desv.,排錢樹,Fabaceae
Picrasma quassioides (D. Don) Benn.,苦樹,Simaroubaceae
Pilea aquarum subsp. brevicornuta,短角冷水麻,蕁麻科 (Urticaceae)
Pilea melastomatomoides,大冷水麻,Urticaceae
Pilea melastomoides (Poir.) Wedd.,大冷水麻,Urticaceae
Pilea nummulariifolia (Sw.) Wedd.,古錢冷水麻,Urticaceae
Pilea peploides var. major,齒葉矮冷水麻,Urticaceae
Pilea somae Hayata,細葉冷水麻,Urticaceae
Pilea sp.,,Urticaceae
Pilea swinglei Merr.,三角葉冷水麻,蕁麻科 (Urticaceae)
Pileostegia viburnoides Hook.f. & Thomson,青棉花,Saxifragaceae
Pimpinella niitakayamensis Hayata,玉山茴芹,繖形科 (Umbelliferae)
Pinalia japonica (Maxim.) Ormerod,連珠絨蘭,Orchidaceae
Piper arborescens Roxb.,蘭嶼風藤,Piperaceae
Piper kwashoense Hayata,菲律賓胡椒,Piperaceae
Pipturus arborescens C.B.Rob.,落尾麻,Urticaceae
Pisonia aculeata L.,腺果藤,Nyctaginaceae
Pisonia grandis,白避霜花,Nyctaginaceae
Pittosporum daphniphylloides Hayata,大葉海桐,Pittosporaceae
Pittosporum illicioides var. angustifolium,細葉疏果海桐,Pittosporaceae
Plagiogyria adnata (Blume) Bedd.,瘤足蕨,Plagiogyriaceae
Plagiogyris sp.,,Plagiogyriaceae
Platycarya strobilacea Siebold & Zucc.,化香樹,Juglandaceae
Pleurolobus gangeticus J.St.-Hil. ex H.Ohashi & K.Ohashi,大葉山螞蝗,Fabaceae
Pluchea pteropoda Hemsl. ex F.B.Forbes & Hemsl.,光梗闊苞菊,Compositae
Plumbago zeylanica,烏面馬,Plumbaginaceae
Poa ,,Poaceae
Polhillides velutina (Willd.) H.Ohashi & K.Ohashi,絨毛葉山螞蝗,Leguminosae
Polyalthia liukiuensis Hatus.,琉球暗羅,Annonaceae
Polycarpaea corymbosa (L.) Lam.,白鼓釘,Caryophyllaceae
Polygala chinensis L.,華南遠志,Polygalaceae
Polygala polifolia C.Presl,無柄花瓜子金,Polygalaceae
Polygonatum,,Asparagaceae
Polygonatum arisanense,萎蕤,Asparagaceae
Polygonatum arisanense Hayata,萎蕤,Asparagaceae
Polygonatum arisanense var. chingshuishanianum (S.S.Ying) Y.H. Tseng & C.T. Chao,清水山黃精,Asparagaceae
Polygonatum chingshuishanianum,清水山黃精,Asparagaceae
Polygonatum curvistylum,垂葉黃精,Asparagaceae
Polygonatum formosanum,大屯黃精,Asparagaceae
Polygonatum odoratum,玉竹,Asparagaceae
Polygonatum sp.,,Asparagaceae
Polygonatum zanlanscianense,湖北黃精,Asparagaceae
Polygonum micrantha,盤腺蓼,Polygonaceae
Polygonum micranthum Meisn.,盤腺蓼,Polygonaceae
Polygonum pilushanense,畢祿山蓼,Polygonaceae
Polygonum pilushanense Y.C.Liu & C.H.Ou,畢祿山蓼,Polygonaceae
Polygonum runcinatum Buch.-Ham. ex D. Don,散血丹,Polygonaceae
Polygonum sp.,,Polygonaceae
Polygonum viviparum,珠芽蓼,Polygonaceae
Polypodia formosana,台灣水龍骨,Polypodiaceae
Polypodium sp.,,Polypodiaceae
Polystichum acanthophyllum (Franch.) Christ,針葉耳蕨,Dryopteridaceae
Polystichum atkinsonii (Bedd. ex C.B.Clarke) Bedd.,玉山耳蕨,Dryopteridaceae
Polystichum fraxinellum (Christ) Diels,柳葉蕨,Dryopteridaceae
Polystichum nepalense (Spreng.) C.Chr.,軟骨耳蕨,鱗毛蕨科 (Dryopteridaceae)
Polystichum parvipinnulum Tagawa,尖葉耳蕨,Dryopteridaceae
Polystichum piceopaleaceum,黑鱗耳蕨,Dryopteridaceae
Polystichum piceopaleaceum (Christ) Diels,黑鱗耳蕨,Dryopteridaceae
Polystichum pseudodeltodon Tagawa,對生耳蕨,鱗毛蕨科 (Dryopteridaceae)
Polystichum pseudostenophyllum,擬芽孢耳蕨,Dryopteridaceae
Polystichum scariosum (Roxb.) C.V.Morton,阿里山耳蕨,Dryopteridaceae
Polystichum sp.,,Dryopteridaceae
Polystichum tsussimense (Hook.) J.Sm.,對馬耳蕨,Dryopteridaceae
Polysticum acanthophyllum,針葉耳蕨,Dryopteridaceae
Ponerorchis takasago-montana,高山紅蘭,Orchidaceae
Potamogeton distinctus A.Benn.,異匙葉藻,Potamogetonaceae
Potamogeton octandrus Poir.,眼子菜,Potamogetonaceae
Potentilla amurensis Maxim.,小花金梅,Rosaceae
Premna octonervia Merr. & F.P.Metcalf,八脈臭黃荊,Labiatae
Primula malacoides Franch.,報春花,Primulaceae
Primula sikkimensis,鐘花報春,Primulaceae
Prosaptia contigua (G.Forst.) C.Presl,穴子蕨,Gammatidaceae
Prunella vulgaris L.,夏枯草,Labiatae
Prunella vulgaris subsp. asiatica,夏枯草,Labiatae
Prunus grisea Kalkman,蘭嶼野櫻花,Rosaceae
Prunus obtusata Koehne,台灣稠李,Rosaceae
"Prunus phaeosticta (Hance) Maxim., 1883",墨點櫻桃,Rosaceae
Prunus pogonostyla Maxim.,毛柱郁李,Rosaceae
Prunus spinulosa Siebold & Zucc.,刺葉桂櫻,Rosaceae
Prunus transarisanensis var. transarisanensis Hayata,阿里山櫻,Rosaceae
Prunus zippeliana Miq.,黃土樹,Rosaceae
Pseudocayratia pengiana T. W. Hsu & J. Wen,彭氏擬烏斂莓,Vitaceae
Pseudophegopteris hirtirachis (C.Chr.) Holttum,毛囊紫柄蕨,Thelypteridaceae
Psychorchia manillensis,琉球九節木,Rubiaceae
Psychotria cephalophora Merr.,蘭嶼九節木,Rubiaceae
Psychotria manillensis Bartl. ex DC.,琉球九節木,Rubiaceae
Pteris bella Tagawa,長柄鳳尾蕨,Pteridaceae
Pteris deltoton,岩鳳尾蕨,Pteridaceae
Pteris grevilleana Wall. ex J.Agardh,翅柄鳳尾蕨,Pteridaceae
Pteris kidoi Sa.Kurata,城戶氏鳳尾蕨,Pteridaceae
Pteris sp.,,Pteridaceae
Pterocypsela indica,鵝仔草,Compositae
Pueraria montana var. thomsonii (Benth.) M.R.Almeida,大葛藤,Fabaceae
Pycnospora lutescens (Poir.) Schindl.,密子豆,Leguminosae
Pyracantha koidzumii (Hayata) Rehder,台東火刺木,Rosaceae
Pyrenaria shikoensis,烏皮茶,Theaceae
Pyrrosia angustissima (Giesenh. ex Diels) Tagawa & K.Iwats.,捲葉蕨,Polypodiaceae
Quercus acutissima Carruth.,麻櫟,Fagaceae
Quercus aliena,槲櫟,Fagaceae
Quercus glauca,青剛櫟,Fagaceae
Quercus glauca Thunb.,青剛櫟,Fagaceae
Quercus hypophaea Hayata,灰背櫟,Fagaceae
Ranuculus cheirophyllus,溝柱毛茛,Ranuculaceae
Ranunculus sp.,,Ranunculaceae
Reynoutria japonica Houtt.,虎杖,Polygonaceae
Rhamnus chingshuiensis Shimizu,清水鼠李,Rhamnaceae
Rhamnus chingshuiensis var. tashanensis Y.C.Liu & C.M.Wang,塔山鼠李,鼠李科 (Rhamnaceae)
Rhamnus formosana,桶鉤藤,Rhamnaceae
Rhamnus nakaharae (Hayata) Hayata,中原氏鼠李,Rhamnaceae
Rhamnus pilushanensis Y.C.Liu & C.M.Wang,畢祿山鼠李,Rhamnaceae
Rhaphiolepis,厚葉石斑木,Rosaceae
Rhaphiolepis indica var. shilanensis Yuen P.Yang & H.Y.Liu,恆春石斑木,Rosaceae
Rhaphiolepis indica var. tashiroi,田代氏石斑木,Rosaceae
Rhododendron farrerae Sweet,丁香杜鵑,Ericaceae
Rhododendron mariesii Hemsl. & E.H. Wilson,守城滿山紅,Ericaceae
Rhododendron nakaharae Hayata,中原氏杜鵑,Ericaceae
Rhododendron sp.,,Ericaceae
Rhododndron simsii,唐杜鵑,Ericaceae
Rhomboda yakusimensis (Masam.) Ormerod,白肋角唇蘭,Orchidaceae
Rhus,木臘樹,Anacardiaceae
Rhynchitechum discolor,同蕊草,Gesneriaceae
Rhynchosia minima (L.) DC.,小葉括根,Leguminosae
Rhynchosia rothii Benth. ex Aitch.,絨葉括根,Leguminosae
Rhynchospermum verticillatum Reinw.,秋分草,Compositae
Rhynchospora corymbosa (L.) Britton,三儉草,Cyperaceae
Rhynchotechum discolor (Maxim.) B.L. Burtt,同蕊草,Gesneriaceae
Ribes formosanum Hayata,台灣茶藨子,Grossulariaceae
Rohdea fargesii,萬年青,Asparagaceae
Rohdea fargesii (Baill.) Y.F.Deng,萬年青,Asparagaceae
Rosa bracteata J.C.Wendl.,琉球野薔薇,Rosaceae
Rosa pricei Hayata,小金櫻,Rosaceae
Rotala indica var. uliginosa (Miq.) Koehne,沼澤節節菜,Lythraceae
Rottboellia cochinchinensis,羅氏草,Poaceae
Rubia akane var. erecta Masam.,直立紅藤草,Rubiaceae
Rubiteucris palmata (Benth. ex Hook. f.) Kudô,掌葉野藿香,唇形科 (Labiatae)
Rubus hui Diels ex Hu,胡氏懸鉤子,Rosaceae
Rubus lambertianus var. morii,尾葉懸鉤子,Rosaceae
Rubus liui Yuen P.Yang & S.Y.Lu,柳氏懸鉤子,薔薇科 (Rosaceae)
Rubus nagasawanus Koidz.,大同灰葉懸鉤子,Rosaceae
Rubus ritozanensis,李棟山懸鉤子,Rosaceae
Saccharum spontaneum,甜根子草,Poaceae
Saccharum spontaneum L.,甜根子草,Poaceae
Sageretia thea var. taiwaniana (Hosok. ex Masam.) Y.C.Liu & C.M.Wang,臺灣雀梅藤,Rhamnaceae
Sagina japonica (Sw.) Ohwi,瓜槌草,Caryophyllaceae
Sagina maxima A. Gray,大瓜槌草,Caryophyllaceae
Sagittaria sagittifolia L.,慈菇,Alismataceae
Salomonia ciliata (L.) DC.,齒果草,Polygalaceae
Salvia,,Labiatae
Salvia formosana (Murata) T.Yamaz.,臺灣紫花鼠尾草,唇形科 (Labiatae)
Salvia plebeia,節毛鼠尾草,Labiatae
Santaloides minor (Gaertn.) G.Schellenb.,牛栓藤,Connaraceae
Sarcandra glabra,紅果金粟蘭,Chloranthaceae
Sarcopyramis napalensis var. bodinieri (H. Lév. & Vaniot) H. Lév.,肉穗野牡丹,Melastomataceae
Sarcopyramis napalensis var. delicata,東方肉穗野牡丹,Melastomataceae
Sauriana maritima,海人樹,Saurianaceae
Saussurea deltoidea,臺灣青木香,Compositae
Saussurea deltoidea (DC.) Sch. Bip.,臺灣青木香,Compositae
Saussurea glandulosa Kitam.,高山青木香,Compositae
Saussurea kiraisiensis Masam.,奇萊青木香,Compositae
Schefflera arboricola (Hayata) Kanehira,鵝掌檗,Araliaceae
Schizophragma fauriei Hayata,圓葉鑽地風,Saxifragaceae
Schoenoplectiella juncoides (Roxb.) Lye,螢藺,Cyperaceae
Schoenoplectus tabernaemontani (C.C.Gmel.) Palla,水蔥,Cyperaceae
Schoenus falcatus R.Br.,赤箭莎,Cyperaceae
Scleria biflora,二花珍珠茅,Cyperaceae
Scleria biflora Roxb.,二花珍珠茅,Cyperaceae
Scleria levis Retz.,毛果珍珠茅,Cyperaceae
Scleria lithosperma (L.) Sw.,石果珍珠茅,Cyperaceae
Scleria scrobiculata Nees & Meyen,輪葉珍珠茅,Cyperaceae
Scleria sp.,,Cyperaceae
Sclerids sp.,,Cyperaceae
Scleromitrion angustifolium (Cham. & Schltdl.) Benth.,細葉龍吐珠,Rubiaceae
Scrophularia yoshimurae T.Yamaz.,雙鋸齒玄參,玄參科 (Scorphulariaceae)
Scutellaria barbata,,Labiatae
Scutellaria barbata D.Don,向天盞,Labiatae
Scutellaria playfairi,布烈氏黃芩,Labiatae
Scutellaria playfairii Kudô,布烈氏黃芩,Labiatae
Sedum,,Crassulaceae
Sedum actinocarpum Yamam.,星果佛甲草,Crassulaceae
Sedum morrisonense Hayata,玉山佛甲草,Crassulaceae
Sedum sp.,,景天科 (Crassulaceae)
Sedum taiwanianum S.S.Ying,台灣佛甲草,Crassulaceae
Sedum tarokoense H.W.Lin & J.C.Wang,太魯閣佛甲草,Crassulaceae
Selaginella aristata Spring,膜葉卷柏,Sellaginelaceae
Selaginella ciliaris (Retz.) Spring,緣毛卷柏,Selaginellaceae
"Selaginella helvetica subsp. pseudonipponica (Tagawa) H.M.Chang, W.L.Chiou & J.C.Wang",擬日本卷柏,Sellaginelaceae
Selaginella nipponica Franch. & Sav.,日本卷柏,Sellaginelaceae
Selliguea falcatopinnata (Hayata) H.Ohashi & K.Ohashi,掌葉茀蕨,Polypodiaceae
Selliguea hastata (Thunb. ex Murray) H.Ohashi & K.Ohashi,三葉茀蕨,Polypodiaceae
Selliguea quasidivaricata (Hayata) H.Ohashi & K.Ohashi,玉山茀蕨,Polypodiaceae
Selliguea yakushimensis (Makino) Fraser-Jenk.,姬茀蕨,Polypodiaceae
Senecio,台東黃菀,Compositae
Senecio nemorensis var. dentatus,黃菀,Compositae
Senecio scandens,蔓黃菀,Compositae
Senecio taitungensis S.S.Ying,台東黃菀,Compositae
Senega paniculata (L.) J.F.B. Pastore & J.R. Abbott,圓錐花遠志,Polygalaceae
Senna tora (L.) Roxb.,決明,Fabaceae
Setaria plicata (Lam.) T.Cooke,皺葉狗尾草,Poaceae
Shortia sp.,,Diapensiaceae
Sida cordifolia L.,圓葉金午時花,Malvaceae
Sida mysorensis,薄葉金午時花,Malvaceae
Sida sp.,,Malvaceae
Silene,女婁菜,Caryophyllaceae
Silene fissipetala var. bilobata,二裂蠅子草,Caryophyllaceae
Sinopanax formosana,華參,Araliaceae
Siphonostegia chinensis Benth.,陰行草,Orobanchaceae
Sisyrinchium atlanticum E.P.Bicknell,庭菖蒲,Iridaceae
Sisyrinchium exile E.P.Bicknell,黃花庭菖蒲,Iridaceae
Sloanea formosana,猴歡喜,Elaeocarpaceae
Smilax bracteata var. verruculosa (Merr.) T.Koyama,糙莖菝葜,Smilacaceae
Smilax china L.,菝葜,Smilacaceae
Smilax discotis var. concolor,宜蘭菝葜,Smilacaceae
Smilax horridiramula Hayata,密刺菝葜,Smilacaceae
Smilax lanceifolia Roxb.,台灣菝葜,Smilacaceae
Smilax menispermoidea A.DC.,巒大菝葜,Smilacaceae
Smilax ocreata,耳葉菝葜,Smilcaceae
Smilax riparia A.DC.,大武牛尾菜,Smilacaceae
Smilax vaginata Decne.,玉山菝葜,菝葜科 (Smilacaceae)
Smithia sensitiva Aiton,坡油甘,Leguminosae
Sohmaea diffusa (DC.) H.Ohashi & K.Ohashi,散花山螞蝗,Leguminosae
Solanum,山菸草,Solanaceae
Solanum miyakojimense T. Yamaz. & A. Takushi,宮古茄,Solanaceae
Solanum peikuoense S.S. Ying,白狗大山茄,Solanaceae
Solanum pittosporifolium,玉山茄,Solanaceae
Solidago decurrens Lour.,一枝黃花,Compositae
Sophora flavescens Aiton,苦參,Fabaceae
Sorghum nitidum (Vahl) Pers.,光高粱,Poaceae
Sorghum propinquum (Kunth) Hitchc.,擬高粱,Poaceae
Spergula arvensis L.,大爪草,Caryophyllaceae
Spergularia marina (L.) Besser,擬漆姑,Caryophyllaceae
Spermacoce mauritiana Gideon,蔓鴨舌癀舅,Rubiaceae
Spermacoce pusila,小鴨舌癀舅,Rubiaceae
Sphaeranthus africanus L.,戴星草,Compositae
Sphaerostephanos productus (Kaulf.) Holttum,蘭嶼圓腺蕨,Thelypteridaceae
Sphagneticola calendulacea (L.) Pruski,蟛蜞菊,Compositae
Spicantopsis hancockii (Hance) Masam.,韓氏烏毛蕨,Blechnaceae
Spinifex littoreus,濱刺麥,Poaceae
Spiraea blumei G.Don,繡球繡線菊,薔薇科 (Rosaceae)
Spiraea formosana,臺灣繡線菊,Rosaceae
Spiraea prunifolia var. pseudoprunifolia,笑靨花,Rosaceae
Spiraea tatakaensis,塔塔加繡線菊,Rosaceae
Spiraea tatakaensis I.S.Chen,塔塔加繡線菊,Rosaceae
Spiranthes sinensis (Pers.) Ames,綬草,Orchidaceae
Stachys arvensis,田野水蘇,Labiatae
Stachys arvensis (L.) L.,田野水蘇,Labiatae
Stachyurus himalaicus Hook.f. & Thomson ex Benth.,通條木,Stachuraceae
Stauntonia obovata Hemsl.,鈍藥野木瓜,Lardizabalaceae
Stauntonia obovatifoliola Hayata,石月,Lardizabalaceae
Staurogyne concinnula (Hance) Kuntze,哈哼花,Acanthaceae
Stegnogramma griffithii (T.Moore) K.Iwats.,聖蕨,Thelypteridaceae
Stellaria media (L.) Vill.,繁縷,Caryophyllaceae
Stellaria monosperma,單子繁縷,石竹科 (Caryophyllaceae)
Stellaria reticulivena Hayata,網脈繁縷,Caryophyllaceae
Stellaria uliginosa var. undulata,天蓬草,Caryophyllaceae
Stemodia verticillata (Mill.) Hassl.,輪葉孿生花,Plantaginaceae
Stemona tuberosa Lour.,百部,Stemonaceae
Stephania japonica var. hispidula,千金藤,Menispermaceae
Stictocardia tiliifolia (Desr.) Hallier f.,大萼旋花,Convolvulaceae
Stimpsonia chamaedryoides C. Wright ex A. Gray,施丁草,Primulaceae
Striga crispata,大武獨腳金,Orobanchaceae
Striga lutea,獨腳金,Orobanchaceae
Striga masuria (Buch.-Ham. ex Benth.) Benth.,高雄獨腳金,Scorphulariaceae
Strobilanthus,馬藍,Acanthaceae
Strobilanthus formosanus,台灣馬藍,Acanthaceae
Stylidium tenellum Sw. ex Willd.,狹葉花柱草,Stylidiaceae
Stylosanthes,筆花豆,Leguminosae
Stylosanthes guianensis (Aubl.) Sw.,筆花豆,Fabaceae
Stylosanthes hamata,矮筆花豆,Leguminosae
Styrax,紅皮,Styracaceae
Styrax formosanus Matsum.,烏皮九芎,Styracaceae
Styrax japonicus var. kotoensis (Hayata) Masam. & Suzuki,蘭嶼安息香,Styracaceae
Suaeda maritime,鹽定,Chenopodiaceae
Suzukia luchuensis Kudô,琉球鈴木草,Labiatae
Suzukia shikikunensis Kudô,鈴木草,Labiatae
Swertia sp.,,Gentianaceae
Sycopsis sinensis,水絲梨,Hamamelidaceae
Symplocos acuminata Miq.,大里力灰木,Symplocaceae
Symplocos caudata Wall. ex G.Don,尾葉灰木,Symplocaceae
Symplocos chinensis (Lour.) Druce,灰木,Symplocaceae
Symplocos cochinchinensis,鏽葉灰木,Symplocaceae
Symplocos congesta var. congesta,楊桐葉灰木,Symplocaceae
Symplocos formosana,台灣灰木,Symplocaceae
Symplocos konishii,小西氏灰木,Symplocaceae
Symplocos koshunensis Kaneh.,恆春灰木,Symplocaceae
Symplocos migoi Nagam.,擬日本灰木,
Symplocos modesta,小葉白筆,Symplocaceae
Symplocos modesta Brand,小葉白筆,Symplocaceae
Symplocos morrisonicola Hayata,玉山灰木,Symplocaceae
Symplocos setchuensis Brand,四川灰木,Symplocaceae
Symplocos theophrastifolia Siebold & Zucc.,山豬肝,Symplocaceae
Symplocos wikstroemiifolia Hayata,蕘花葉灰木,Symplocaceae
Syringodium isoetifolium,針葉藻,Cymodoceaceae
Syzygium tripinnatum Merr.,大花赤楠,Myrtaceae
Tadehagi triquetrum subsp. pseudotriquetrum (DC.) H.Ohashi,葫蘆茶,Leguminosae
Taraxacum formosanum,台灣蒲公英,Compositae
Tarenna zeylanica Gaertn.,錫蘭玉心花,Rubiaceae
Taxillus liquidambaricolus (Hayata) Hosok.,大葉桑寄生,Loranthaceae
Tephrosia purpurea (L.) Pers.,灰毛豆,Leguminosae
Tetragonia tetragonoides,番杏,Aizoaceae
Teucrium bidentatum Hemsl.,二齒香科科,Labiatae
Teucrium taiwanianum T.H.Hsieh & T.C. Huang,臺灣香科科,Labiatae
Teucrium viscidum,血見愁,Labiatae
Teucrium viscidum Blume,血見愁,Labiatae
Thalassia hemprichii,泰來藻,Hydrocharitaceae
Thalictrum,,毛茛科 (Ranunculaceae)
Thalictrum sp.,,Ranunculaceae
Thalictrum urbaini var. majus T.Shimizu,大花傅氏唐松草,Ranunculaceae
Thalictrum virgatum,帚枝唐松草,Ranunculaceae
Themeda caudata (Nees) A. Camus,苞子草,Poaceae
Thesium chinense Turcz.,百蕊草,Santalaceae
Thismia huangii P.Y.Jiang & T.H.Hsieh,黃金水玉杯,Burmanniaceae
Thuarea involuta (G.Forst.) R.Br. ex Sm.,芻蕾草,Poaceae
Thyrocarpus sampsonii,盾果草,Boraginaceae
Thysanotus,異蕊草,Asparagaceae
Thysanotus chinensis,異蕊草,Asparagaceae
Thysanotus chinensis Benth.,異蕊草,百合科 (Liliaceae s. l.)
Tiarella polyphylla D.Don,黃水枝,Saxifragaceae
Timonius arboreus Elmer,貝木,Rubiaceae
Titanotrichum oldhamii (Hemsl.) Soler.,俄氏草,Gesneridaceae
"Torenia kinmenensis (Y.S.Liang, Chih H.Chen & J.L.Tsai) Y.S.Liang & J.C.Wang",金門母草,Linderniaceae
Torilis japonica,竊衣,Umbelliferae
Torilis japonica (Houtt.) DC.,竊衣,繖形科 (Umbelliferae)
Trachelospermum gracilipes (Hook.f.) Nakai,細梗絡石,Apocynaceae
Trachelospermum lanyuense C.E. Chang,蘭嶼絡石,Apocynaceaea
Trema orientalis,山黃麻,Ulmaceae
Trema orientalis (L.) Blume,山黃麻,
Tribulus cistoides,大花蒺藜,Zygophyllaceae
Tribulus taiwanense,臺灣蒺藜,Zygophyllaceae
Tribulus terrestris,蒺藜,Zygophyllaceae
Tricalysia dubia (Lindl.) Ohwi,龜仔角狗骨消,Rubiaceae
Trichomanes clathratum,窗格狀瓶蕨,Hymenophyllaceae
Trichophorum subcapitatum (Thwaites & Hook.) D.A.Simpson,玉山針藺,莎草科 (Cyperaceae)
Trichosanthes cucumeroides (Ser.) Maxim.,王瓜,Cucurbitaceae
Trichosanthes homophylla Hayata,芋葉栝樓,Cucurbitaceae
Tricyrtis formosana,台灣油點草,Liliaceae
Tricyrtis formosana Baker,台灣油點草,Liliaceae
Tricyrtis lasiocarpa,毛果油點草,Liliaceae
Tricyrtis lasiocarpa Matsum.,毛果油點草,Liliaceae
Tricyrtis ravenii,高山油點草,Liliaceae
Tricyrtis ravenii C.I Peng & Tiang,高山油點草,百合科 (Liliaceae s. l.)
Tricyrtis suzukii,鈴木氏油點草,Liliaceae
Tricyrtis suzukii Masam.,鈴木氏油點草,Liliaceae
Trigonotis elevatovenosa Hayata,台北附地草,Boraginaceae
Triodanis biflora (Ruiz & Pav.) Greene,卵葉異檐花,Campanulaceae
Triplaris cumingiana ,蓼樹,Polygonaceae
Triplostegia glandulifera Wall. ex DC.,三萼花草,Valerianaceae
Tripterospermum microphyllum,小葉肺形草,Gentianaceae
Tripterospermum sp.,,Gentianaceae
Tripterospermum taiwanense (Masam.) Satake,臺灣肺形草,Gentianaceae
Tripterygium wilfordii Hook.f.,雷公藤,Celastraceae
Triumfetta repens,匍地垂桉草,Tiliaceae
Triumfetta sp.,,Tiliaceae
Tubocapsicum anomalum (Franch. & Sav.) Makino,龍珠,Solanaceae
Turpinia ovalifolia Elmer,羽葉山香圓,Stachuraceae
Turpinia ternata Nakai,三葉山香圓,Staphyleaceae
Tylophora oshimae,,Asclepiadaceae
Ulmus uyematsui Hayata,阿里山榆,Ulmaceae
Uraria neglecta Prain,圓葉兔尾草,Fabaceae
Uraria picta,羽葉兔尾草,Leguminosae
Urena,野棉花,Malvaceae
Urochloa sp.,,Poaceae
Utricularia bifida L.,挖耳草,Urticaceae
Utricularia graminifolia,禾葉挖耳草,Lentibulariaceae
Utricularia graminifolia Vahl,禾葉挖耳草,Utriculariaceae
Utricularia heterosepala Benj.,異萼挖耳草,Utriculariaceae
Utricularia smithiana,,Utriculariaceae
Utricularia striatula,圓葉挖耳草,Utriculariaceae
Vaccinium dunalianum Wight & W. Theob.,珍珠花,Ericaceae
Vaccinium emarginatum Hayata,凹葉越橘,Ericaceae
Vaccinium merrillianum Hayata,高山越橘,Ericaceae
Vaccinium randaiense Hayata,巒大越橘,Ericaceae
Vaccinium randeiense,,Ericaceae
Vaccinium sp.,,Ericaceae
Vaccinium wrightii,大葉越橘,Ericaceae
Vaccinium wrightii Gray 1859,大葉越橘,Ericaceae
Vaccinium wrightii var. formosanum (Hayata) H.L. Li,臺灣大葉越橘,Ericaceae
Valeriana fauriei Briq.,纈草,Valeriaceae
Valeriana hsui M.J.Jung,許氏纈草,Valerianaceae
Veratrum,台灣藜蘆,Melanthiaceae
Veratrum formosana,臺灣藜蘆,Melanthiaceae
Veratrum formosanum,台灣藜蘆,Melanthiaceae
Veratrum nigrum,藜蘆,Melanthiaceae
Veratrum shuehshanarum,雪山藜蘆,Melanthiaceae
Verbena sp.,,Verbenaceae
Vernicia cordata (Thunb.) Airy Shaw,日本油桐,Euphorbiaceae
Vernonia maritima Merr.,濱斑鳩菊,Compositae
Veronica morrisonicola Hayata,玉山水苦蕒,玄參科 (Scorphulariaceae)
Veronica yushanchienshanica,玉山前山水苦賈,Scorphulariaceae
Veronicastrum axilare var. shimadae,新竹腹水草,Scorphulariaceae
Veronicastrum formosanum (Masam.) T. Yamaz.,台灣腹水草,Plantaginaceae
Veronicastrum loshanense Tien T.Chen & F.S.Chou,羅山腹水草,Plantaginaceae
Viburnum,呂宋莢蒾,Caprifoliaceae
"Viburnum arboricolum Hayata, 1914",著生珊瑚樹,Caprifoliaceae
Viburnum foetidum var. rectangulatum,太平山莢蒾,Adoxaceae
Viburnum parvifolium,小葉莢蒾,Adoxaceae
Viburnum propinquum Hemsl.,高山莢迷,Adoxaceae
Viburnum sympodiale,假繡球,Adoxaceae
Viburnum taitoense Hayata,台東莢蒾,Caprifoliaceae
Viburnum taitungense,台東莢蒾,Caprifoliaceae
Vigna angularis var. nipponensis (Ohwi) Ohwi & H. Ohashi,野紅豆,Fabaceae
Vigna liukiuensis,琉球豇豆,Leguminosae
Vigna luteola,長葉豇豆,Leguminosae
Vigna marina (Burm.) Merr.,濱豇豆,Leguminosae
Vigna minima (Roxb.) Ohwi & H.Ohashi,小豇豆,Leguminosae
Vigna reflexopilosa,曲毛豇豆,Leguminosae
Vigna reflexopilosa Hayata,曲毛豇豆,Leguminosae
Vigna sp.,,Leguminosae
Vigna vexillata var. vexillata,,Fabaceae
Vincetoxicum insulicola Meve & Liede,海島鷗蔓,Apocynaceae
Viola adenothrix Hayata,喜岩菫菜,Violaceae
Viola diffusa Ging.,茶匙黃,Violaceae
Viola grypoceras A.Gray,紫花堇菜,Violaceae
Viola nagasawai var. pricei (W.Becker) J.C.Wang & T.C.Huang,普萊氏菫菜,Violaceae
Viscum alniformosanae Hayata,台灣槲寄生,Loranthaceae
Vitex rotundifolia,,Verbenaceae
Vitis amurense,阿穆爾葡萄,Vitaceae
Vittaria anguste-elonagata,姬書帶蕨,Vittariaceae
Wahlenbergia marginata,細葉蘭花參,Campanulaceae
Waltheria americana L.,草梧桐,Sterculiaceae
Wedelia sp.,,Compositae
Whytockia sasakii (Hayata) B.L. Burtt,玉玲花,Gesneriaceae
Wilkstroemis lanceolata,批針葉蕘花,Thymelaeaceae
Wisteriopsis reticulata (Benth.) J.Compton & Schrire,老荊藤,Fabaceae
Wollastonia biflora (L.) DC.,雙花蟛蜞菊,Compositae
Wollastonia dentata (H.Lév. & Vaniot) Orchard,天蓬草舅,Compositae
Woodsia polystichoides D.C.Eaton,岩蕨,鳳尾蕨科 (Pteridaceae)
Xanthium strumarium L.,蒼耳,Compositae
Xylosma congesta,柞木,Flacourtiaceae
Xyris complanta R. Br.,硬葉蔥草,Xyridaceae
Xyris formosana,桃園草,Xyridaceae
Xyris formosana Hayata,桃園草,Xyridaceae
"Yamazakia pusilla (Willd.) W.R.Barker, Y.S.Liang & Wannan",見風紅,Linderniaceae
Youngia sp.,,Compositae
Ypsilandra thibetica Franch.,丫蕊花,Melanthiaceae
Yushania niitakayamensis,玉山箭竹,Poaceae
Yushania niitakayamensis (Hayata) Keng f.,玉山箭竹,Poaceae
Zanthoxylum armatum DC.,秦椒,Rutaceae
Zanthoxylum avicennae,狗花椒,Rutaceae
Zanthoxylum nitidum (Roxb.) DC.,雙面刺,Rutaceae
Zanthoxylum pistaciiflorum,三葉花椒,Rutaceae
Zanthoxylum pistaciiflorum Hayata,三葉花椒,Rutaceae
Zanthoxylum schinifolium Siebold & Zucc.,翼柄花椒,Rutaceae
Zehneria sp.,,Cucurbitaceae
Zelkova serrata (Thunb.) Makino,臺灣櫸,Ulmaceae
Zeuxine nervosa (Wall. ex Lindl.) Benth. ex Trimen,芳線柱蘭,Orchidaceae
Zingiber chengii,狹葉薑,Zingiberaceae
Zingiber mioga,蘘荷,Zingibaraceae
Zingiber pleiostachyum,三奈,Zingiberaceae
Zingiber shuanglongense,雙龍薑,Zingiberaceae
Zingiber sp.,,Zingiberaceae
Zornia diphylla Pers.,丁葵草,Leguminosae
Zornia intecta Mohlenbr.,台東葵草,Leguminosae
